setup_id,episode,discounted_return,episode_length,success,epsilon,mean_loss,rolling_return,rolling_success_rate,rolling_episode_length,rolling_loss
2,1,-32.640929855202785,253,1,1.0,nan,-32.640929855202785,1.0,253.0,nan
2,2,-35.708526590252745,500,0,0.995,0.9453476225062618,-34.174728222727765,0.5,376.5,0.9453476225062618
2,3,-9.998183004782518,13,1,0.990025,0.6177586294137515,-26.115879816746016,0.6666666666666666,255.33333333333334,0.7815531259600066
2,4,-27.44447017060684,500,0,0.985074875,0.5532002527117729,-26.44802740521122,0.5,316.5,0.7054355015439286
2,5,-35.84898618555598,500,0,0.9801495006250001,0.40788276025652886,-28.328219161280174,0.4,353.2,0.6310473162220787
2,6,-16.287742068317332,500,0,0.9752487531218751,0.3445751516073942,-26.3214729791197,0.3333333333333333,377.6666666666667,0.5737528832991418
2,7,-19.061916733849905,500,0,0.9703725093562657,0.2756565860956907,-25.284393515509727,0.2857142857142857,395.14285714285717,0.5240701670985666
2,8,-27.328867970548462,500,0,0.9655206468094844,0.2601662651747465,-25.539952822389573,0.25,408.25,0.486369609680878
2,9,-17.647890592028567,500,0,0.960693043575437,0.24154343166947365,-24.66305701901613,0.2222222222222222,418.44444444444446,0.4557663374294525
2,10,-31.906489406242454,500,0,0.9558895783575597,0.22122415293008088,-25.38740025773876,0.2,426.6,0.4297060947073001
2,11,-28.55532532407642,500,0,0.9511101304657719,0.21863276961818337,-25.67539344558764,0.18181818181818182,433.27272727272725,0.4085987621983884
2,12,-30.305215469558416,109,1,0.946354579813443,0.209191358383369,-26.061211947585203,0.25,406.25,0.390470816397023
2,13,-24.57521639421224,500,0,0.9416228069143757,0.2205524149313569,-25.946904597325744,0.23076923076923078,413.46153846153845,0.37631094960821754
2,14,-34.16770247189676,141,1,0.9369146928798039,0.22828030089537302,-26.53410444550939,0.2857142857142857,394.0,0.36492397663030646
2,15,-26.771370052507166,500,0,0.9322301194154049,0.21248076368495822,-26.549922152642573,0.26666666666666666,401.06666666666666,0.3540351757056387
2,16,-27.027233393156155,148,1,0.9275689688183278,0.19585464831844374,-26.579754105174672,0.3125,385.25,0.3434898072131591
2,17,-17.36740679786285,500,0,0.9229311239742362,0.2182627634331584,-26.03785132239162,0.29411764705882354,392.0,0.335663116976909
2,18,-33.13390897243686,500,0,0.918316468354365,0.21359174429625272,-26.432076747394134,0.2777777777777778,398.0,0.32848244799569387
2,19,-35.614895345368566,500,0,0.9137248860125932,0.20775075242295862,-26.91538298939279,0.2631578947368421,403.36842105263156,0.3217751315749864
2,20,-26.123013150325388,500,0,0.9091562615825302,0.20872700826823712,-26.875764497439416,0.25,408.2,0.31582523034831533
2,21,-36.26174129543698,500,0,0.9046104802746175,0.1946464649029076,-27.32271577353454,0.23809523809523808,412.57142857142856,0.309766292076045
2,22,-27.134473396116164,397,1,0.9000874278732445,0.20056805865703062,-27.314159301833705,0.2727272727272727,411.8636363636364,0.30456637619894905
2,23,-25.917790259351815,500,0,0.8955869907338783,0.20284774137474595,-27.253447604334493,0.2608695652173913,415.69565217391306,0.299942801888758
2,24,-26.825362937071546,110,1,0.8911090557802088,0.2064269860698418,-27.23561074319854,0.2916666666666667,402.9583333333333,0.295876896853153
2,25,-29.043138488114625,500,0,0.8866535105013078,0.2016966376043856,-27.307911852995186,0.28,406.84,0.2919527193844544
2,26,-28.789339562112044,361,1,0.8822202429488013,0.19889130160584015,-27.36488984180737,0.3076923076923077,405.0769230769231,0.2882302626733098
2,27,-26.698801856177063,500,0,0.8778091417340573,0.19898809845745563,-27.340219916413655,0.2962962962962963,408.5925925925926,0.2847978717419308
2,28,-21.06142996415923,500,0,0.8734200960253871,0.20273267800174655,-27.115977418118852,0.2857142857142857,411.85714285714283,0.281758420121924
2,29,-21.151311885874872,220,1,0.8690529955452602,0.198772790748626,-26.910299296317334,0.3103448275862069,405.2413793103448,0.27879464764430617
2,30,-22.007212286103453,500,0,0.8647077305675338,0.19369056257419287,-26.746863062643538,0.3,408.4,0.2758600240211988
2,31,-34.989992352917504,500,0,0.8603841919146962,0.1945755569152534,-27.01277045910399,0.2903225806451613,411.35483870967744,0.27315054178433396
2,32,-13.255773171577403,500,0,0.8560822709551227,0.19296448184736073,-26.582864293868784,0.28125,414.125,0.27056389468959285
2,33,-27.83057554669864,500,0,0.851801859600347,0.1887164407018572,-26.620673725772722,0.2727272727272727,416.72727272727275,0.26800616175247616
2,34,-31.511048145160704,500,0,0.8475428503023453,0.1896046581212431,-26.764508267519425,0.2647058823529412,419.1764705882353,0.2656303586121358
2,35,-16.409273598060256,500,0,0.8433051360508336,0.1831769402138889,-26.468644419820592,0.2571428571428571,421.48571428571427,0.26320525807101086
2,36,-32.57809774749913,182,1,0.8390886103705794,0.1674994579055807,-26.63835145670055,0.2777777777777778,414.8333333333333,0.2604708066377129
2,37,-20.118041249782983,500,0,0.8348931673187264,0.18191042644530533,-26.46212685651359,0.2702702702702703,417.13513513513516,0.2582885738545905
2,38,-27.436239817380535,422,1,0.8307187014821328,0.17942125923154761,-26.48776140811535,0.2894736842105263,417.2631578947368,0.25615702481072444
2,39,-17.61590080109135,500,0,0.8265651079747222,0.18993140415661036,-26.260277802807042,0.28205128205128205,419.38461538461536,0.2544142453198267
2,40,-16.16232339179241,28,1,0.8224322824348486,0.2150941684043833,-26.007828942531678,0.3,409.6,0.2534060382194307
2,41,-29.15774814747818,367,1,0.8183201210226743,0.19214072639543858,-26.084656240213302,0.3170731707317073,408.5609756097561,0.2518744054238308
2,42,-25.38191578783854,319,1,0.8142285204175609,0.19307492105261098,-26.06792432468057,0.3333333333333333,406.42857142857144,0.25044027165867916
2,43,-24.732316192417752,500,0,0.810157377815473,0.19579876264743507,-26.0368636704419,0.32558139534883723,408.6046511627907,0.2491392833488876
2,44,-27.775641964316883,500,0,0.8061065909263957,0.18736033326387405,-26.07638135893906,0.3181818181818182,410.6818181818182,0.24770256357946868
2,45,-29.565791513649266,500,0,0.8020760579717637,0.1865887652616948,-26.153923806821506,0.3111111111111111,412.6666666666667,0.24631361361770107
2,46,-30.795085613676747,500,0,0.798065677681905,0.19288823590613902,-26.254818628709664,0.30434782608695654,414.5652173913044,0.24512638300188858
2,47,-27.49086301414659,190,1,0.7940753492934954,0.1822965484798739,-26.28111744542109,0.3191489361702128,409.78723404255317,0.24376051703401871
2,48,-28.642759476040588,479,1,0.7901049725470279,0.1828075716814458,-26.330318321058993,0.3333333333333333,411.2291666666667,0.2424636458563044
2,49,-19.459572238612807,500,0,0.7861544476842928,0.18573390135355294,-26.190099013253967,0.32653061224489793,413.0408163265306,0.2412817761791638
2,50,-15.167791310582714,41,1,0.7822236754458713,0.20270977625850498,-25.96965285920054,0.34,405.6,0.24049459250731361
2,51,-22.781358462675833,500,0,0.778312557068642,0.18862251212261616,-25.907137282798097,0.3333333333333333,407.45098039215685,0.2394571508996197
2,52,-24.814338940627827,24,1,0.7744209942832988,0.2243945812806487,-25.88612193006405,0.34615384615384615,400.0769230769231,0.23916180639728693
2,53,-28.679537694449618,247,1,0.7705488893118823,0.1923093686581623,-25.93882788788265,0.3584905660377358,397.188679245283,0.2382607979792268
2,54,-27.6465466096079,360,1,0.7666961448653229,0.19117692544694162,-25.970452308655336,0.37037037037037035,396.5,0.23737242302578745
2,55,-18.930974127446092,500,0,0.7628626641409962,0.1814022821718827,-25.842461796269713,0.36363636363636365,398.3818181818182,0.23633593893590032
2,56,-26.919177754140534,500,0,0.7590483508202912,0.1778777615018189,-25.861688866945986,0.35714285714285715,400.19642857142856,0.2352730629825534
2,57,-26.371406894192475,500,0,0.7552531090661897,0.18905446502473205,-25.870631288476623,0.3508771929824561,401.94736842105266,0.23444773087616372
2,58,-23.89858644522844,106,1,0.7514768435208588,0.18455305282588838,-25.83663051531717,0.3620689655172414,396.8448275862069,0.23357238564721153
2,59,-32.842545660961264,500,0,0.7477194593032545,0.18313782926928251,-25.955374839819612,0.3559322033898305,398.59322033898303,0.2327028243303507
2,60,-30.954921748802956,500,0,0.7439808620067382,0.18172144599072634,-26.038700621636,0.35,400.28333333333336,0.23183873317205198
2,61,-28.992297712497887,500,0,0.7402609576967045,0.1926185647044331,-26.08712024607636,0.3442622950819672,401.91803278688525,0.23118506369759168
2,62,-25.683635819345408,260,1,0.736559652908221,0.18565466053461513,-26.08061243274199,0.3548387096774194,399.6290322580645,0.2304386636457396
2,63,-16.884556403343133,43,1,0.7328768546436799,0.19844543507192716,-25.934643289418197,0.36507936507936506,393.968253968254,0.22992264383003294
2,64,-14.872631677480829,46,1,0.7292124703704616,0.17261175987432184,-25.76179935798168,0.375,388.53125,0.22901294725930735
2,65,-23.692858334956288,87,1,0.7255664080186093,0.18740467339668465,-25.729969496088984,0.38461538461538464,383.89230769230767,0.22836281798020386
2,66,-12.73603784923086,500,0,0.7219385759785162,0.18803736402839422,-25.533091743863856,0.3787878787878788,385.6515151515151,0.22774242638094525
2,67,-25.51762545720918,500,0,0.7183288830986236,0.18183027647435665,-25.532860903764533,0.373134328358209,387.35820895522386,0.22704678774599693
2,68,-24.792752226906554,500,0,0.7147372386831305,0.187404292460531,-25.52197695263427,0.36764705882352944,389.0147058823529,0.2264551087118855
2,69,-21.74638308301431,500,0,0.7111635524897149,0.17793428709171713,-25.467258200900645,0.36231884057971014,390.6231884057971,0.22574156721747127
2,70,-22.821538200954613,500,0,0.7076077347272662,0.17621896110381932,-25.429462200901416,0.35714285714285715,392.1857142857143,0.22502384828828792
2,71,-27.05868441016443,184,1,0.7040696960536299,0.1939109660502847,-25.452408992581177,0.36619718309859156,389.2535211267606,0.22457937854203072
2,72,-24.97059243356102,122,1,0.7005493475733617,0.17641245949341625,-25.44571709592812,0.375,385.5416666666667,0.22390097123148686
2,73,-13.676886278834319,431,1,0.697046600835495,0.18973517001081439,-25.284500235419987,0.3835616438356164,386.16438356164383,0.2234264462145331
2,74,-18.575108402355664,405,1,0.6935613678313175,0.18965851372613768,-25.193832778216414,0.3918918918918919,386.4189189189189,0.22296387179688382
2,75,-18.70211409266818,500,0,0.6900935609921609,0.1924035715246573,-25.107276529075772,0.38666666666666666,387.93333333333334,0.22255089476617806
2,76,-22.34097747723859,500,0,0.6866430931872001,0.19550161389634013,-25.07087785734107,0.3815789473684211,389.4078947368421,0.22219023768791354
2,77,-11.96713969849377,151,1,0.6832098777212641,0.20000998041166967,-24.900699439693703,0.38961038961038963,386.31168831168833,0.22189839219743662
2,78,-19.803910095968828,500,0,0.6797938283326578,0.18968187603820116,-24.835355986569027,0.38461538461538464,387.7692307692308,0.2214799958836803
2,79,-24.883358480816987,500,0,0.6763948591909945,0.19612363300751895,-24.835963613078494,0.379746835443038,389.1898734177215,0.22115491430834494
2,80,-25.9748260805296,42,1,0.6730128848950395,0.15016624901355022,-24.850199393921635,0.3875,384.85,0.22025632360841083
2,81,-22.3951847976273,500,0,0.6696478204705644,0.1918635834613815,-24.81989057174516,0.38271604938271603,386.2716049382716,0.21990141435657296
2,82,-24.163000492844024,500,0,0.6662995813682115,0.18879337435681373,-24.811879717124416,0.3780487804878049,387.6585365853659,0.2195173644800327
2,83,-23.2543445457749,500,0,0.6629680834613705,0.17988580294605344,-24.79311423313225,0.37349397590361444,389.0120481927711,0.21903405275400856
2,84,-26.750618682186488,101,1,0.6596532430440636,0.19086181542992886,-24.816417857525753,0.38095238095238093,385.5833333333333,0.21869462820793534
2,85,-19.030329286570584,138,1,0.6563549768288433,0.20199071785327102,-24.74834622727922,0.38823529411764707,382.67058823529413,0.21849577213228455
2,86,-25.944775915662433,500,0,0.653073201944699,0.1914183718720451,-24.762258200399955,0.38372093023255816,384.0348837209302,0.2181772144821641
2,87,-15.230942305074516,22,1,0.6498078359349755,0.2185140559449792,-24.652702845281276,0.39080459770114945,379.8735632183908,0.21818113124335964
2,88,-23.171215563175878,500,0,0.6465587967553006,0.17917262588161975,-24.635867762530076,0.38636363636363635,381.2386363636364,0.21773275761851205
2,89,-28.139398912050634,500,0,0.6433260027715241,0.18425751321110875,-24.675233281064017,0.38202247191011235,382.5730337078652,0.21735235711388246
2,90,-28.613741350667127,73,1,0.6401093727576664,0.19136336792821754,-24.718994481837385,0.3888888888888889,379.1333333333333,0.2170603459994368
2,91,-26.10911239699707,500,0,0.6369088258938781,0.19465854609012603,-24.734270502883096,0.38461538461538464,380.46153846153845,0.21681143711155554
2,92,-17.37862522251207,500,0,0.6337242817644086,0.19089480378571896,-24.65431783679211,0.3804347826086957,381.7608695652174,0.21652663894313975
2,93,-16.207846136957926,500,0,0.6305556603555866,0.18202744991146028,-24.563495560449805,0.3763440860215054,383.03225806451616,0.21615164775801277
2,94,-16.1906041531771,500,0,0.6274028820538087,0.19040773348324,-24.474422247606476,0.3723404255319149,384.27659574468083,0.21587483147548833
2,95,-19.121249499130602,500,0,0.6242658676435396,0.18349247035942973,-24.418073060780415,0.3684210526315789,385.4947368421053,0.215530338272126
2,96,12.994,1,1,0.6211445383053219,0.46158796548843384,-24.028363966397283,0.375,381.4895833333333,0.21812041855861347
2,97,-17.474820127563895,500,0,0.6180388156137953,0.18157983464375138,-23.960801658780444,0.3711340206185567,382.7113402061856,0.21773978747616704
2,98,-23.039315644891033,500,0,0.6149486215357263,0.18353230902552606,-23.951398740271365,0.3673469387755102,383.90816326530614,0.2173871330591501
2,99,-26.056492360539156,500,0,0.6118738784280476,0.1820088742468506,-23.972662312193265,0.36363636363636365,385.0808080808081,0.21702613041820829
2,100,-20.418034503622685,500,0,0.6088145090359074,0.18357635597977787,-23.937116034107557,0.36,386.23,0.2166882539087292
2,101,-22.690798273494256,500,0,0.6057704364907278,0.18373148155398666,-23.837614718290475,0.35,388.7,0.21635868618518178
2,102,-11.95139865384848,19,1,0.6027415843082742,0.17362971917579048,-23.60004343892643,0.36,383.89,0.20864150715187704
2,103,-26.608126281848676,500,0,0.5997278763867329,0.19727794219367206,-23.76614287169709,0.35,388.76,0.20443670027967623
2,104,-17.739234527235887,500,0,0.5967292370047992,0.19337287477497012,-23.669090515263388,0.35,388.76,0.2008384265003082
2,105,-11.755174234803782,38,1,0.5937455908197752,0.16417255470725267,-23.42815239575587,0.36,384.14,0.19840132444481542
2,106,-18.009315339140603,201,1,0.5907768628656763,0.18595049252724322,-23.445368128464096,0.37,381.15,0.19681507785401398
2,107,-17.20536308813131,500,0,0.5878229785513479,0.20676352458447217,-23.42680259200691,0.37,381.15,0.19612614723890176
2,108,-11.642529829750428,500,0,0.5848838636585911,0.2145099374651909,-23.269939210598928,0.37,381.15,0.19566958396180623
2,109,-29.22897786927601,166,1,0.5819594443402982,0.20280708194743977,-23.38575008337141,0.38,377.81,0.19528222046458588
2,110,-17.47129293393695,500,0,0.5790496471185967,0.20864773449487983,-23.24139811864835,0.38,377.81,0.1951564562802339
2,111,-7.153090610746599,11,1,0.5761543988830038,0.2931145321239125,-23.02737577151505,0.39,372.92,0.19590127390529116
2,112,-16.392164588587004,500,0,0.5732736268885887,0.21075815247558058,-22.888245262705336,0.38,376.83,0.19591694184621328
2,113,-22.039133510753953,103,1,0.5704072587541458,0.2305787897677821,-22.86288443387075,0.39,372.86,0.1960172055945775
2,114,-21.93237586392238,500,0,0.567555222460375,0.21787037155963482,-22.74053116779101,0.38,376.45,0.19591310630122016
2,115,-14.957962435537912,27,1,0.5647174463480732,0.2501856044486717,-22.622397091621316,0.39,371.72,0.1962901547088573
2,116,-15.521199310881986,21,1,0.5618938591163328,0.24170212332336677,-22.507336750798572,0.39,370.45,0.19674862945890653
2,117,-5.72445939934,9,1,0.5590843898207511,0.2227792888879776,-22.390907276813344,0.4,365.54,0.1967937947134547
2,118,-15.706717678704429,500,0,0.5562889678716474,0.22862378118000926,-22.216635363876026,0.4,365.54,0.19694411508229226
2,119,-31.63261199246962,70,1,0.5535075230322891,0.23444181093946098,-22.176812530347032,0.41,361.24,0.19721102566745732
2,120,-14.832450365285847,500,0,0.5507399854171277,0.22492985723167658,-22.063906902496637,0.41,361.24,0.19737305415709167
2,121,-2.6221295511999987,8,1,0.547986285490042,0.14629314374178648,-21.727510785054267,0.42,356.32,0.19688952094548046
2,122,-17.581428399739043,500,0,0.5452463540625918,0.22543265665322543,-21.631980335090496,0.41,357.35,0.19713816692544242
2,123,-27.002245867816885,214,1,0.5425201222922789,0.22826169655771456,-21.642824891175145,0.42,354.49,0.19739230647727207
2,124,-23.688293113162658,500,0,0.5398075216808175,0.21675089755654334,-21.61145419293606,0.41,358.39,0.19749554559213917
2,125,-26.032220998976545,173,1,0.5371084840724134,0.2251830943940864,-21.58134501804468,0.42,355.12,0.19773041016003615
2,126,-12.607006501092485,64,1,0.5344229416520513,0.2214399997901637,-21.419521687434482,0.42,352.15,0.19795589714187942
2,127,12.994,1,1,0.531750826943791,0.12691201269626617,-21.02259366887271,0.43,347.16,0.19723513628426748
2,128,-23.832480299676597,144,1,0.5290920728090721,0.22513994318433106,-21.05030417222789,0.44,343.6,0.19745920893609334
2,129,-22.661769846319476,47,1,0.5264466124450268,0.23049551090027423,-21.065408751832333,0.44,341.87,0.19777643613760976
2,130,-16.00654941753107,500,0,0.5238143793828016,0.23018820729479195,-21.005402123146606,0.44,341.87,0.19814141258481577
2,131,-13.826250189709114,44,1,0.5211953074858876,0.21008939456871964,-20.793764701514522,0.45,337.31,0.19829655096135043
2,132,-22.06854509666036,175,1,0.5185893309484582,0.24555889959846225,-20.881892420765354,0.46,334.06,0.1988224951388614
2,133,-9.5886513718882,20,1,0.5159963842937159,0.2415743699297309,-20.69947317901725,0.47,329.26,0.19935107443114014
2,134,-21.555956287060987,186,1,0.5134164023722473,0.20818651761979826,-20.599922260436248,0.48,326.12,0.1995368930261257
2,135,-25.673785175557004,176,1,0.510849320360386,0.2592974666146223,-20.69256737621122,0.49,322.88,0.20029809829013304
2,136,-28.055999230385616,55,1,0.5082950737585841,0.2462127944962545,-20.64734639104008,0.49,321.61,0.2010852316560398
2,137,-17.190229831807805,500,0,0.5057535983897912,0.24096572455391288,-20.618068276860335,0.49,321.61,0.20167578463712588
2,138,-17.610523600039166,500,0,0.5032248303978422,0.25840282947570087,-20.519811114686917,0.48,322.39,0.20246560033956748
2,139,-13.32462685584767,500,0,0.500708706245853,0.26036392254382373,-20.476898375234484,0.48,322.39,0.20316992552343957
2,140,-18.503580402003518,500,0,0.4982051627146237,0.2604192230440676,-20.50031094533659,0.47,327.11,0.2036231760698364
2,141,-8.134127301093761,21,1,0.49571413690105054,0.2826363162270614,-20.29007473687275,0.47,323.65,0.20452813196815267
2,142,12.994,1,1,0.4932355662165453,0.4571949541568756,-19.906315578994366,0.47,320.47,0.20716933229919526
2,143,-18.34811443685461,500,0,0.4907693883854626,0.24996136611700057,-19.84247356143873,0.47,320.47,0.20771095833389094
2,144,-13.355017947685026,23,1,0.4883155414435353,0.23050515839587088,-19.69826732127241,0.48,315.7,0.2081424065852109
2,145,-15.616993246750269,500,0,0.4858739637363176,0.2399759071357548,-19.558779338603422,0.48,315.7,0.20867627800395147
2,146,-11.663369782114643,500,0,0.483444593917636,0.2270452385991812,-19.367462180287802,0.48,315.7,0.20901784803088191
2,147,-18.94386048091447,326,1,0.4810273709480478,0.23049253112196558,-19.281992154955482,0.48,317.06,0.20949980785730285
2,148,-18.62824825298817,38,1,0.47862223409330756,0.25083571260696963,-19.181847042724957,0.48,312.65,0.2101800892665581
2,149,-14.097279366552725,500,0,0.47622912292284103,0.2257546782232821,-19.128224114004357,0.48,312.65,0.21058029703525538
2,150,-6.150550164782517,13,1,0.4738479773082268,0.2256907379397979,-19.038051702546355,0.48,312.37,0.21081010665206829
2,151,-14.258797712337703,243,1,0.47147873742168567,0.21636550133059054,-18.952826095042976,0.49,309.8,0.21108753654414805
2,152,-4.919408654746599,11,1,0.46912134373457726,0.26459116962823,-18.753876792184162,0.49,309.67,0.21148950242762385
2,153,-16.055506062796063,21,1,0.46677573701590436,0.22619925332920893,-18.627636475867625,0.49,307.41,0.2118284012743343
2,154,3.560012360000001,6,1,0.46444185833082485,0.18290076280633608,-18.315570886171546,0.49,303.87,0.21174563964792828
2,155,-17.810496831590655,65,1,0.46211964903917074,0.20875523978701005,-18.30436611321299,0.5,299.52,0.21201916922407957
2,156,-18.878182323208165,79,1,0.4598090507939749,0.2804226592371735,-18.22395615890367,0.51,295.31,0.21304461820143314
2,157,-16.071218654223113,67,1,0.457510005540005,0.2495605988400196,-18.120954276503973,0.52,290.98,0.21364967953958602
2,158,-16.768555326483888,37,1,0.45522245551230495,0.2415922738208964,-18.049653965316526,0.52,290.29,0.21422007174953606
2,159,-20.60120263761233,500,0,0.4529463432347434,0.22428938947618007,-17.927240535083037,0.52,290.29,0.21463158735160504
2,160,-13.62083882285329,54,1,0.4506816115185697,0.2280149262536455,-17.75389970582354,0.53,285.83,0.2150945221542342
2,161,-11.869544347688413,30,1,0.4484282034609769,0.24386397699515025,-17.582672172175446,0.54,281.13,0.21560697627714137
2,162,-21.999218071973583,49,1,0.446186062443672,0.23272831319850318,-17.545827994701728,0.54,279.02,0.21607771280378027
2,163,-28.041340691550406,223,1,0.4439551321314536,0.2126107330479964,-17.6573958375838,0.54,280.82,0.21621936578354095
2,164,-1.3991775220000005,7,1,0.4417353564707963,0.2857836900012834,-17.522661296028993,0.54,280.43,0.21735108508481057
2,165,-10.042150164782521,13,1,0.43952667968844233,0.20248006656765938,-17.386154214327252,0.54,279.69,0.21750183901652032
2,166,-12.950780412561265,14,1,0.43732904629000013,0.20563605374523572,-17.38830163996056,0.55,274.83,0.2176778259136887
2,167,-21.775140602161304,178,1,0.4351424010585501,0.2179052402903692,-17.35087679141008,0.56,271.61,0.21803857555184888
2,168,-0.42357752199999954,7,1,0.43296668905325736,0.2943237242954118,-17.107185044361017,0.57,266.68,0.2191077698701977
2,169,-22.4571556038434,287,1,0.43080185560799106,0.22927550659336488,-17.114292769569307,0.58,264.55,0.21962118206521414
2,170,-13.26630843642103,23,1,0.4286478463299511,0.26999789897514426,-17.018740471923973,0.59,259.78,0.22055897144392742
2,171,-22.229434152982222,500,0,0.42650460709830135,0.21896787847578525,-16.97044796935215,0.58,262.94,0.22080954056818242
2,172,5.070616999999999,5,1,0.42437208406280985,0.22270943522453307,-16.67003587501654,0.58,261.77,0.2212725103254936
2,173,-13.483210896083005,33,1,0.4222502236424958,0.19548700721652218,-16.668099121189023,0.58,257.79,0.22133002869755064
2,174,-17.766548580683587,40,1,0.42013897252428334,0.21234797034412622,-16.660013522972303,0.58,254.14,0.22155692326373053
2,175,-23.130389969966043,54,1,0.4180382776616619,0.23303238485284425,-16.70429628174528,0.59,249.68,0.2219632113970124
2,176,-17.595088648851753,29,1,0.4159480862733536,0.21477883720192417,-16.656837393461416,0.6,244.97,0.22215598363006822
2,177,-16.46934893712061,500,0,0.41386834584198684,0.22590807636082172,-16.701859485847685,0.59,248.46,0.22241496458955975
2,178,-12.983415242958507,363,1,0.4117990041127769,0.22096166216329602,-16.63365453731758,0.6,247.09,0.22272776245081072
2,179,-21.2057709586785,42,1,0.40974000909221303,0.2190957214860689,-16.59687866209619,0.61,242.51,0.22295748333559623
2,180,-20.056211486517014,27,1,0.40769130904675194,0.22544197965827253,-16.537692516156067,0.61,242.36,0.22371024064204345
2,181,-24.459441024862187,53,1,0.40565285250151817,0.21012971602942584,-16.558335078428414,0.62,237.89,0.2238929019677239
2,182,-22.38468300201914,31,1,0.4036245882390106,0.22712208258528863,-16.540551903520168,0.63,233.2,0.2242761890500086
2,183,2.1546169999999982,5,1,0.4016064652978155,0.2677969127893448,-16.28646228806242,0.64,228.25,0.22515530014844148
2,184,-12.826941805956146,65,1,0.3995984329713264,0.21719701668390862,-16.147225519300115,0.64,227.89,0.2254186521609813
2,185,-18.24605373312519,28,1,0.3976004408064698,0.23340442537197045,-16.13938276376566,0.64,226.79,0.22573278923616832
2,186,-26.326870234385982,500,0,0.39561243860243744,0.2202730039358139,-16.143203706952896,0.64,226.79,0.22602133555680595
2,187,-10.612837151959129,44,1,0.3936343764094253,0.23839502917094665,-16.097022655421743,0.64,227.01,0.22622014528906564
2,188,-16.491242956109733,28,1,0.39166620452737816,0.2283229273078697,-16.030222929351083,0.65,222.29,0.22671164830332813
2,189,-15.771134384914262,209,1,0.3897078735047413,0.205772279579032,-15.90654028407972,0.66,219.38,0.22692679596700738
2,190,-24.68570293830868,41,1,0.3877593341372176,0.25088278304149464,-15.867259899956133,0.66,219.06,0.22752199011814017
2,191,-0.12249939933999965,9,1,0.3858205374665315,0.13406138225562042,-15.607393769979563,0.67,214.15,0.22691601847979512
2,192,-13.75025349181579,28,1,0.38389143477919885,0.18697848224214145,-15.571110052672601,0.68,209.43,0.22687685526435938
2,193,-14.851188802178422,31,1,0.3819719776053028,0.20605262272780941,-15.557543479324806,0.69,204.74,0.22711710699252285
2,194,-16.209558534648732,379,1,0.3800621177172763,0.22391360379401642,-15.557733023139527,0.7,203.53,0.22745216569563065
2,195,-5.16426339934,9,1,0.37816180712868996,0.2778283241722319,-15.418163162141616,0.71,198.62,0.22839552423375867
2,196,-16.61969564597234,38,1,0.37627099809304654,0.21484310728938957,-15.71430011860134,0.71,198.99,0.22592807565176826
2,197,-12.730456124774385,26,1,0.3743896431025813,0.2357630658035095,-15.666856478573443,0.72,194.25,0.2264699079633658
2,198,-12.165762661353014,25,1,0.37251769488706843,0.17980652704834937,-15.558120948738065,0.73,189.5,0.22643265014359404
2,199,-0.12249939933999965,9,1,0.3706551064126331,0.2202228456735611,-15.298781019126075,0.74,184.59,0.22681478985786113
2,200,-8.878935642924512,27,1,0.36880183088056995,0.2060052697305326,-15.183390030519092,0.75,179.86,0.22703907899536868
2,201,-12.04698244857066,147,1,0.3669578217261671,0.21980439194915247,-15.076951872269854,0.76,176.33,0.22739980809932037
2,202,0.977870448800001,8,1,0.36512303261753626,0.24563361145555973,-14.947659181243369,0.76,176.22,0.22811984702211802
2,203,-7.383326848568436,15,1,0.3632974174544486,0.2265021547675133,-14.755411186910568,0.77,171.37,0.22841208914785643
2,204,-12.867878443022773,500,0,0.3614809303671764,0.21716271169111132,-14.706697626068438,0.77,171.37,0.22864998751701787
2,205,-6.804950652848482,12,1,0.3596735257153405,0.19807781806836525,-14.657195390248885,0.77,171.11,0.22898904015062896
2,206,-10.647017471288413,30,1,0.3578751580867638,0.18115152760098377,-14.583572411570362,0.77,169.4,0.22894105050136637
2,207,-11.379882852925064,75,1,0.35608578229633,0.22763789807756743,-14.5253176092183,0.78,165.15,0.22914979423629733
2,208,-15.485171568074183,26,1,0.3543053533848483,0.20029827608512,-14.563744026601537,0.79,160.41,0.22900767762249663
2,209,-16.53336253940127,33,1,0.35253382661792404,0.24322132495316592,-14.436787873302789,0.79,159.08,0.22941182005255392
2,210,-13.994759604956652,298,1,0.3507711574848344,0.20645636595760616,-14.402022540012988,0.8,157.06,0.22938990636718112
2,211,0.977870448800001,8,1,0.34901730169741024,0.1793499756604433,-14.320712929417521,0.8,157.03,0.22825226080254649
2,212,-13.177935587015218,31,1,0.3472722151889232,0.20700571758131828,-14.288570639401803,0.81,152.34,0.22821473645360382
2,213,-5.66289939934,9,1,0.3455358541129786,0.2028980768389172,-14.124808298287663,0.81,151.4,0.2279379293243152
2,214,-10.781183296402343,46,1,0.3438081748424137,0.22248842348547085,-14.013296372612462,0.82,146.86,0.22798410984357353
2,215,-11.55162779589418,47,1,0.3420891339682016,0.21851604130673916,-13.979233026216026,0.82,147.06,0.22766741421215417
2,216,-12.762585998742797,20,1,0.3403786882983606,0.2324742939323187,-13.951646893094633,0.82,147.05,0.22757513591824374
2,217,-20.95306783882702,33,1,0.3386767948568688,0.2300254979142637,-14.103932977489503,0.82,147.29,0.22764759800850654
2,218,-13.820705746953859,32,1,0.33698341088258443,0.23341715731658041,-14.085072858171998,0.83,142.61,0.22769553176987234
2,219,-20.63339195789948,58,1,0.3352984938281715,0.19282777013321376,-13.975080657826297,0.83,142.49,0.22727939136180986
2,220,0.3200123599999998,6,1,0.33362200135903064,0.17245461729665598,-13.823556030573439,0.84,137.55,0.22675463896245962
2,221,-15.480372868037977,92,1,0.33195389135223546,0.19864905329988056,-13.952138463741814,0.84,138.39,0.22727819805804056
2,222,-10.955138519186754,33,1,0.3302941218954743,0.21887904676524075,-13.885875564936292,0.85,133.72,0.22721266195916073
2,223,5.070616999999999,5,1,0.32864265128599696,0.28139671087265017,-13.565146936258124,0.85,131.63,0.2277440121023101
2,224,-18.119651031764107,109,1,0.326999438029567,0.21235966405600581,-13.50946051544414,0.86,127.72,0.2277000997673047
2,225,-22.45973993573274,36,1,0.3253644408394192,0.23757092230435875,-13.473735704811702,0.86,126.35,0.22782397804640744
2,226,-20.255310388204137,61,1,0.3237376186352221,0.19330841174624006,-13.55021874368282,0.86,126.32,0.2275426621659682
2,227,-13.051191996506649,500,1,0.322118930542046,0.21022942248731852,-13.810670663647889,0.86,131.31,0.22837583626387872
2,228,-18.15306883955493,500,0,0.32050833588933575,0.21244433969259263,-13.75387654904667,0.85,134.87,0.22824888022896134
2,229,-18.281402280260462,174,1,0.31890579420988907,0.21049395819119682,-13.71007287338608,0.85,136.14,0.22804886470187058
2,230,-13.047901222371209,57,1,0.3173112652388396,0.21207862092476143,-13.680486391434478,0.86,131.71,0.22786776883817025
2,231,-13.871662442171125,40,1,0.3157247089126454,0.227274358086288,-13.680940513959099,0.86,131.67,0.22803961847334592
2,232,-14.47462339934,9,1,0.3141460853680822,0.2640121421880192,-13.605001296985895,0.86,130.01,0.2282241508992415
2,233,-15.401832594492436,15,1,0.3125753549412418,0.23556167185306548,-13.663133109211937,0.86,129.96,0.22816402391847487
2,234,-8.30802356531233,18,1,0.31101247816653554,0.19728609515974918,-13.530653781994452,0.86,128.28,0.22805501969387434
2,235,-18.86145124891387,386,1,0.30945741577570285,0.20049547366894435,-13.462530442728022,0.86,130.38,0.22746699976441762
2,236,-12.870379650526875,295,1,0.3079101286968243,0.21545120127246542,-13.310674246929436,0.86,132.78,0.22715938383217973
2,237,2.1546169999999982,5,1,0.3063705780533402,0.16307995915412904,-13.117225778611358,0.87,127.83,0.22638052617818186
2,238,-13.368766799662492,48,1,0.30483872516307353,0.20842722981857756,-13.074808210607593,0.88,123.31,0.22588077018161065
2,239,6.6892,2,1,0.3033145315372582,0.17280513793230057,-12.874669942049115,0.89,118.33,0.22500518233549538
2,240,-17.149211961017564,70,1,0.3017979588795719,0.2118492760828563,-12.861126257639254,0.9,114.03,0.2245194828658833
2,241,-27.191137108118493,35,1,0.30028896908517405,0.1960856310491051,-13.0516963557095,0.9,114.17,0.2236539760141037
2,242,-14.994939478934986,61,1,0.2987875242397482,0.2361218555540335,-13.331585750498851,0.9,114.77,0.22144324502807528
2,243,-15.67138007649623,99,1,0.29729358661854943,0.22683436073588603,-13.304818406895267,0.91,110.76,0.22121197497426412
2,244,-13.31734397741212,215,1,0.29580711868545667,0.21407280879658322,-13.304441667192538,0.91,112.68,0.22104765147827124
2,245,-8.75892684856844,15,1,0.2943280830920294,0.2526041184862455,-13.23586100321072,0.92,107.83,0.22117393359177615
2,246,-11.208504257616086,35,1,0.29285644267656924,0.21069180678044047,-13.231312347965734,0.93,103.18,0.2210103992735888
2,247,-9.939256975631423,44,1,0.2913921604631864,0.2321635182438926,-13.141266312912906,0.93,100.36,0.22102710914480808
2,248,-15.105252648851751,29,1,0.28993519966087045,0.24345078370694456,-13.106036356871542,0.93,100.27,0.2209532598558078
2,249,-12.684906476917304,135,1,0.2884855236625661,0.20831439731021723,-13.091912627975187,0.94,96.62,0.22077885704667718
2,250,-13.149989345102103,37,1,0.28704309604425327,0.21105588469150904,-13.16190701977838,0.94,96.86,0.22063250851419425
2,251,-17.814043289338674,174,1,0.285607880564032,0.21300379936208672,-13.197459475548392,0.94,96.17,0.2205988914945092
2,252,-14.255644731850285,184,1,0.28417984116121187,0.19695992589644765,-13.290821836319429,0.94,97.9,0.2199225790571914
2,253,-9.48093417659288,19,1,0.2827589419554058,0.1989522662601973,-13.225076117457395,0.94,97.88,0.21965010918650127
2,254,-6.442150164782518,13,1,0.28134514724562876,0.21809843583748892,-13.32509774270522,0.94,97.95,0.22000208591681283
2,255,-18.891841479554166,88,1,0.2799384215094006,0.22311884179626676,-13.335911189184854,0.94,98.18,0.22014572193690538
2,256,-18.167114373180414,72,1,0.27853872940185365,0.2404165790002379,-13.328800509684577,0.94,98.11,0.21974566113453606
2,257,-15.003219727954336,54,1,0.27714603575484437,0.22802374539551912,-13.318120520421889,0.94,97.98,0.21953029260009102
2,258,-11.889923023817612,24,1,0.2757603055760701,0.20574363398676118,-13.269334197395224,0.94,97.85,0.21917180620174967
2,259,-0.12249939933999965,9,1,0.2743815040481898,0.24969355513652167,-13.064547165012502,0.95,92.94,0.21942584785835303
2,260,-16.44576987479132,19,1,0.2730095965279488,0.2429359672885192,-13.092796475531884,0.95,92.59,0.2195750582687018
2,261,-28.40069217801153,39,1,0.27164454854530906,0.2256740537018348,-13.258107953835115,0.95,92.68,0.21939315903576861
2,262,-12.480696664214811,60,1,0.2702863258025825,0.23860686980187892,-13.162922739757528,0.95,92.79,0.2194519446018024
2,263,-10.523467640853069,18,1,0.2689348941735696,0.2634139863981141,-12.987744009250555,0.95,90.74,0.21995997713530357
2,264,-11.047527132053322,41,1,0.26759021970270175,0.20768782878067435,-13.084227505351087,0.95,91.08,0.21917901852309746
2,265,-14.69333677569347,25,1,0.2662522686041882,0.23635709270834923,-13.1307393714602,0.95,91.2,0.2195177887845044
2,266,-18.732822848581144,53,1,0.2649210072611673,0.19647336329491633,-13.188559795820398,0.95,91.59,0.2194261618800012
2,267,-16.96701873169347,25,1,0.26359640222486147,0.22432792752981187,-13.140478577115719,0.95,90.06,0.21949038875239565
2,268,-17.70554695853848,39,1,0.26227842021373715,0.21118865085717958,-13.313298271481104,0.95,90.38,0.2186590380180133
2,269,-14.562229510504164,16,1,0.2609670281126685,0.2652703928761184,-13.234349010547712,0.95,87.67,0.21901898688084087
2,270,-15.753970811567058,17,1,0.25966219297210513,0.2532750622314565,-13.25922563429917,0.95,87.61,0.21885175851340397
2,271,-1.112573982339999,10,1,0.2583638820072446,0.1971866562962532,-13.048057032592752,0.96,82.71,0.21863394629160865
2,272,2.200822478,7,1,0.2570720625972084,0.21585862977164133,-13.07675497781275,0.96,82.73,0.21856543823707975
2,273,5.070616999999999,5,1,0.25578670228422234,0.23679085671901703,-12.89121669885192,0.96,82.45,0.21897847673210472
2,274,-15.278861808665926,28,1,0.25450776877280124,0.24579222526933467,-12.866339831131741,0.96,82.33,0.21931291928135674
2,275,-10.766150164782522,13,1,0.2532352299289372,0.230419220832678,-12.742697433079904,0.96,81.92,0.21928678764115514
2,276,3.1495040000000003,4,1,0.2519690537792925,0.33115045726299286,-12.535251506591386,0.96,81.67,0.2204505038417658
2,277,-15.148818118138417,27,1,0.2507092085103961,0.22877641325747525,-12.522046198401567,0.97,76.94,0.22047918721073234
2,278,-18.932791066674984,43,1,0.2494556624678441,0.2243144130984018,-12.581539956638732,0.97,73.74,0.22051271472008338
2,279,-11.707354562771965,33,1,0.24820838415550486,0.24638048311074576,-12.486555792679669,0.97,73.65,0.22078556233633012
2,280,0.977870448800001,8,1,0.24696734223472733,0.2540826052427292,-12.276214973326496,0.97,73.46,0.22107196859217468
2,281,-11.157826133994826,37,1,0.2457325055235537,0.22077347398609729,-12.143198824417823,0.97,73.3,0.22117840617174142
2,282,10.6892,2,1,0.24450384299593592,0.1498364806175232,-11.81245999439763,0.97,73.01,0.22040555015206373
2,283,-20.395863898783393,116,1,0.24328132378095624,0.22652009161638803,-12.037964803385464,0.97,74.12,0.2199927819403342
2,284,-16.614654461654187,46,1,0.24206491716205145,0.25437310645761696,-12.075841929942444,0.97,73.93,0.22036454283807125
2,285,-19.785796565492138,219,1,0.2408545925762412,0.2465019075361561,-12.091239358266114,0.97,75.84,0.22049551765971312
2,286,-9.623570556540578,22,1,0.23965031961336,0.23612428456544876,-11.92420636148766,0.98,71.06,0.22065403046600948
2,287,-14.326940376078195,28,1,0.2384520680152932,0.20347339593406236,-11.96134739372885,0.98,70.9,0.22030481413364064
2,288,-13.691088442895323,21,1,0.23725980767521673,0.18911245252404893,-11.933345848596705,0.98,70.83,0.21991270938580243
2,289,-8.47812177659288,19,1,0.23607350863684065,0.20742966313111155,-11.860415722513492,0.98,68.93,0.21992928322132324
2,290,-11.172830166740736,174,1,0.23489314109365644,0.24298901534799872,-11.725286994797814,0.98,70.26,0.2198503455443883
2,291,-8.555820306504163,16,1,0.23371867538818816,0.22374520916491747,-11.809620203869454,0.98,70.33,0.22074718381348127
2,292,-19.07301304091918,22,1,0.23255008201124722,0.2521926598115401,-11.862847799360491,0.98,70.27,0.22139932558917524
2,293,-9.758555588644345,27,1,0.231387331601191,0.2534176348536103,-11.81192146722515,0.98,70.23,0.22187297571043324
2,294,-10.582103037578818,24,1,0.23023039494318503,0.2353367324297627,-11.755646912254452,0.98,66.68,0.22198720699679073
2,295,-13.440910374784885,45,1,0.2290792429684691,0.21591026932001114,-11.8384133820089,0.98,67.04,0.2213680264482685
2,296,-13.310871128142221,37,1,0.22793384675362674,0.2696811907194756,-11.805325136830596,0.98,67.03,0.22191640728256934
2,297,-0.7151775220000003,7,1,0.22679417751985861,0.2611327235187803,-11.685172350802855,0.98,66.84,0.22217010385972208
2,298,-2.2621295511999993,8,1,0.22566020663225933,0.30175110790878534,-11.586136019701323,0.98,66.67,0.22338954966832641
2,299,-6.182259565312327,18,1,0.22453190559909803,0.22816642829113537,-11.646733621361046,0.98,66.76,0.22346898549450217
2,300,-8.323382658898657,17,1,0.22340924607110255,0.22342057854813688,-11.641178091520787,0.98,66.66,0.2236431385826782
2,301,-10.537726819898278,24,1,0.22229219984074702,0.24290131762002906,-11.626085535234065,0.98,65.43,0.223874107839387
2,302,-20.41923285631232,256,1,0.2211807388415433,0.25495766814856324,-11.84005656828519,0.98,67.91,0.22396734840631702
2,303,-19.097257609022652,95,1,0.22007483514733558,0.2505629419496185,-11.957195875889731,0.98,68.71,0.22420795627813803
2,304,-6.678983270904162,16,1,0.2189744609715989,0.20227306336164474,-11.895306924168544,0.99,63.87,0.2240590597948434
2,305,-10.192680628461916,21,1,0.2178795886667409,0.21756756873357863,-11.929184223924679,0.99,63.96,0.22425395730149553
2,306,-18.249198845717522,114,1,0.2167901907234072,0.26018108577843296,-12.005206037668966,0.99,64.8,0.22504425288327
2,307,-16.777849849614388,40,1,0.21570623976979014,0.26857581408694386,-12.05918570763586,0.99,64.45,0.22545363204336383
2,308,-14.474451852643933,18,1,0.21462770857094118,0.20370536380343968,-12.049078510481557,0.99,64.37,0.225487702920547
2,309,3.560012360000001,6,1,0.21355457002808648,0.202818234761556,-11.848144761487545,0.99,64.1,0.22508367201863091
2,310,-9.918885778415742,25,1,0.21248679717794605,0.2301473143696785,-11.807386023222136,0.99,61.37,0.22532058150275158
2,311,-18.096361161272643,28,1,0.21142436319205632,0.2596405747213534,-11.998128339322864,0.99,61.57,0.22612348749336067
2,312,5.070616999999999,5,1,0.21036724137609603,0.2729754239320755,-11.815642813452712,0.99,61.31,0.22678318455686824
2,313,-15.513818330768466,291,1,0.20931540516921554,0.2532930268275574,-11.914152002766995,0.99,64.13,0.22728713405675469
2,314,-11.09780655654058,22,1,0.20826882814336947,0.2097212609580972,-11.917318235368379,0.99,63.89,0.2271594624314809
2,315,3.560012360000001,6,1,0.20722748400265262,0.2700370326638222,-11.766201833809436,0.99,63.48,0.22767467234505176
2,316,-7.959647936992882,19,1,0.20619134658263935,0.2493389256690678,-11.71817245319194,0.99,63.47,0.22784331866241928
2,317,-16.172461558895325,21,1,0.20516038984972615,0.25042994923534845,-11.670366390392621,0.99,63.35,0.2280473631756301
2,318,-3.5261501647825173,13,1,0.2041345879004775,0.2681472370257744,-11.56742083457091,0.99,63.16,0.22839466397272204
2,319,0.3200123599999998,6,1,0.2031139149609751,0.23807679116725922,-11.357886791391916,0.99,62.64,0.2288471541830625
2,320,-9.338117416250775,22,1,0.20209834538617025,0.3044008162211288,-11.454468089154421,0.99,62.8,0.23016661617230724
2,321,-7.989689048848482,12,1,0.2010878536592394,0.25184052375455696,-11.379561250962526,0.99,62.0,0.230698530876854
2,322,-6.799460267801264,14,1,0.2000824143909432,0.28348552488854956,-11.338004468448673,0.99,61.81,0.23134459565808707
2,323,-10.020457327238598,55,1,0.19908200231898848,0.2525996274568818,-11.488915211721057,0.99,62.31,0.2310566248239294
2,324,-1.112573982339999,10,1,0.19808659230739353,0.25744721591472625,-11.318844441226817,0.99,61.32,0.2315075003425166
2,325,-14.707437484914655,227,1,0.19709615934585656,0.24496530912127265,-11.241321416718636,0.99,63.23,0.23158144421068574
2,326,-3.022129551200001,8,1,0.19611067854912728,0.2997740153223276,-11.068989608348593,0.99,62.7,0.2326461002464466
2,327,0.3200123599999998,6,1,0.19513012515638165,0.2488397235671679,-10.935277564783528,0.99,57.76,0.23303220325724514
2,328,-18.206550144048588,33,1,0.19415447453059972,0.2526372309887048,-10.935812377828462,1.0,53.09,0.23343413217020625
2,329,-1.3991775220000005,7,1,0.19318370215794672,0.208103246986866,-10.766990130245858,1.0,51.42,0.23341022505816295
2,330,-4.122499399340001,9,1,0.192217783647157,0.2543874602350924,-10.67773611201555,1.0,50.94,0.23383331345126623
2,331,-12.386969392120637,500,0,0.1912566947289212,0.2603253572434187,-10.662889181515043,0.99,55.54,0.23416382344283754
2,332,-16.39551284777116,500,0,0.1903004112552766,0.23917849516123532,-10.682098075999354,0.98,60.45,0.2339154869725697
2,333,-14.197475100850175,155,1,0.18934890919900021,0.251526106653675,-10.670054501062932,0.98,61.85,0.23407513132057578
2,334,-16.770492081609106,206,1,0.18840216465300522,0.24652787773571547,-10.754679186225902,0.98,63.73,0.23456754914633546
2,335,3.560012360000001,6,1,0.18746015382974018,0.2119439293940862,-10.530464550136763,0.98,59.93,0.23468203370358687
2,336,-16.866970603478276,27,1,0.1865228530605915,0.23760019463521462,-10.570430459666275,0.98,57.25,0.23490352363721434
2,337,-11.612726425043101,134,1,0.18559023879528855,0.2573649966672285,-10.708103893916705,0.98,58.54,0.23584637401234534
2,338,-3.5261501647825173,13,1,0.1846622876013121,0.2275824351952626,-10.609677727567908,0.98,58.19,0.2360379260661122
2,339,-15.369648560145876,33,1,0.18373897616330553,0.22624651252320319,-10.830266213169367,0.98,58.5,0.23657233981202125
2,340,3.560012360000001,6,1,0.182820281282489,0.2466711923480034,-10.62317396995919,0.98,57.86,0.23692055897467273
2,341,-13.912398218714413,314,1,0.18190617987607657,0.2601079269294526,-10.490386581065147,0.98,60.65,0.23756078193347627
2,342,-14.049559382697796,30,1,0.18099664897669618,0.24879978746175765,-10.480932780102776,0.98,60.34,0.23768756125255344
2,343,8.61542,3,1,0.1800916657318127,0.24000516533851624,-10.238064779337815,0.98,59.38,0.23781926929857977
2,344,-10.086914285193933,108,1,0.17919120740315364,0.2574305367414598,-10.205760482415632,0.98,58.31,0.2382528465780285
2,345,5.070616999999999,5,1,0.17829525136613786,0.19136532247066498,-10.06746504392995,0.98,58.21,0.23764045861787275
2,346,-16.61564696529623,24,1,0.17740377510930716,0.19318076875060797,-10.121536471006749,0.98,58.1,0.23746534823757437
2,347,-9.21967539654058,22,1,0.17651675623376062,0.22549834949049083,-10.114340655215841,0.98,57.88,0.2373986965500404
2,348,-10.610653978922503,24,1,0.1756341724525918,0.2727703374500076,-10.069394668516548,0.98,57.83,0.237691892087471
2,349,-13.30960783816359,114,1,0.17475600159032884,0.2432818169656553,-10.07564168212901,0.98,57.62,0.23804156628402537
2,350,-6.40495065284848,12,1,0.17388222158237718,0.1990590486675501,-10.008191295206473,0.98,57.37,0.23792159792378575
2,351,-17.711399002617952,58,1,0.1730128104744653,0.22984736907327996,-10.007164852339267,0.98,56.21,0.23809003362089776
2,352,-11.170762828160479,32,1,0.17214774642209296,0.23494228057097644,-9.976316033302368,0.98,54.69,0.238469857167643
2,353,-14.524179794137062,25,1,0.1712870076899825,0.21441455140709878,-10.02674848947781,0.98,54.75,0.23862448001911202
2,354,10.6892,2,1,0.17043057265153258,0.2957664728164673,-9.855434987829986,0.98,54.64,0.2394011603889018
2,355,-5.862129551200001,8,1,0.16957841978827493,0.2504593189805746,-9.725137868546444,0.98,53.84,0.2396745651607449
2,356,-11.960033836916736,26,1,0.16873052768933355,0.2502321165341597,-9.663067063183808,0.98,53.38,0.2397727205360841
2,357,-6.182259565312327,18,1,0.1678868750508869,0.26695898175239563,-9.574857461557388,0.98,53.02,0.24016207289965283
2,358,-13.11737332571233,18,1,0.16704744067563246,0.2560402676463127,-9.587131964576336,0.98,52.96,0.2406650392362484
2,359,-9.575484453668766,35,1,0.1662122034722543,0.2728001437016896,-9.681661815119622,0.98,53.22,0.24089610512190007
2,360,-22.55356913754903,33,1,0.16538114245489302,0.23970106627905008,-9.742739807747201,0.98,53.36,0.24086375611180535
2,361,12.994,1,1,0.16455423674261854,0.3774949014186859,-9.328792885967085,0.98,52.98,0.24238196458897385
2,362,-8.118914371567056,17,1,0.16373146555890544,0.24889880199642742,-9.285175063040606,0.98,52.55,0.24248488391091935
2,363,-13.668702185734755,27,1,0.16291280823111093,0.2440815719741362,-9.316627408489424,0.98,52.64,0.24229155976667957
2,364,-15.134717940478332,144,1,0.16209824418995536,0.2514023553424825,-9.357499316573673,0.98,53.67,0.2427287050322976
2,365,-7.306636327567057,17,1,0.16128775296900558,0.23571750740794575,-9.28363231209241,0.98,53.59,0.2427223091792936
2,366,-12.508042661904938,20,1,0.16048131420416054,0.29829582646489144,-9.221384510225647,0.98,53.26,0.24374053381099334
2,367,-13.962089031448153,39,1,0.15967890763313974,0.2383951581059358,-9.191335213223194,0.98,53.4,0.24388120611675454
2,368,-16.004947219292227,215,1,0.15888051309497406,0.23064998312051907,-9.174329215830731,0.98,55.16,0.24407581943938794
2,369,-5.756954371567053,17,1,0.1580861105294992,0.2127049503957524,-9.086276464441362,0.98,55.17,0.24355016501458432
2,370,-14.420890273746972,36,1,0.1572956799768517,0.2542856470164325,-9.07294565906316,0.98,55.36,0.2435602708624341
2,371,-10.265176894912965,24,1,0.15650920157696743,0.2595761852959792,-9.16447168818889,0.98,55.5,0.24418416615243138
2,372,-7.219055602895318,21,1,0.1557266555690826,0.24717779812358676,-9.258670468997844,0.98,55.64,0.24449735783595083
2,373,-14.93108203572828,500,0,0.1549480222912372,0.22048177401721478,-9.458687459355126,0.97,60.59,0.24433426700893282
2,374,-6.989768654746598,11,1,0.15417328217978102,0.28591475838964636,-9.375796527815934,0.97,60.42,0.24473549234013597
2,375,-6.804950652848482,12,1,0.1534024157688821,0.2381407624731461,-9.336184532696592,0.97,60.41,0.24481270775654063
2,376,-8.400073179900037,15,1,0.1526354036900377,0.245370685060819,-9.451680304495591,0.97,60.52,0.2439549100345189
2,377,-13.210125868692202,500,0,0.1518722266715875,0.23206746955215932,-9.432293382001129,0.96,65.25,0.24398782059746577
2,378,-15.024175228442102,347,1,0.15111286553822956,0.2334347666490834,-9.3932072236188,0.96,68.29,0.24407902413297256
2,379,-9.794007341122954,27,1,0.15035730121053842,0.23583451713676806,-9.374073751402312,0.96,68.23,0.24397356447323276
2,380,-11.039111177418166,161,1,0.14960551470448571,0.22414893205769315,-9.494243567664492,0.96,69.76,0.24367422774138242
2,381,3.560012360000001,6,1,0.14885748713096328,0.2081455538670222,-9.347065182724545,0.96,69.45,0.24354794854019168
2,382,-18.974164247253505,127,1,0.14811319969530845,0.2361462110961516,-9.64369882519708,0.96,70.7,0.24441104584497797
2,383,-2.6221295511999987,8,1,0.1473726336968319,0.21992404386401176,-9.465961481721246,0.96,69.62,0.2443450853674542
2,384,-5.538129551200003,8,1,0.14663577052834775,0.291317967697978,-9.355196232616702,0.96,69.24,0.24471453397985776
2,385,-13.647212956408014,35,1,0.14590259167570602,0.24924529450280325,-9.293810396525862,0.96,67.4,0.24474196784952426
2,386,3.560012360000001,6,1,0.1451730787173275,0.32506757229566574,-9.161974567360456,0.96,67.24,0.2456314007268264
2,387,-12.68803668450667,33,1,0.14444721332374086,0.2213975161765561,-9.145585530444741,0.96,67.29,0.24581064192925134
2,388,-8.360033836916731,26,1,0.14372497725712216,0.23976623123654953,-9.092274984384954,0.96,67.34,0.24631717971637634
2,389,-5.2465295512,8,1,0.14300635237083656,0.2159218080341816,-9.059959062131025,0.96,67.23,0.24640210116540706
2,390,-7.748616763427828,23,1,0.14229132060898236,0.2382495176532994,-9.025716928097896,0.96,65.72,0.24635470618846003
2,391,-10.409196296336221,26,1,0.14157986400593744,0.21061894956689614,-9.044250687996215,0.96,65.82,0.24622344359247983
2,392,8.61542,3,1,0.14087196468590776,0.2715624471505483,-8.767366357587026,0.96,65.63,0.24641714146586988
2,393,-1.112573982339999,10,1,0.14016760486247823,0.2548709653317928,-8.680906541523981,0.96,65.46,0.24643167477065173
2,394,-13.102571969656688,136,1,0.13946676683816583,0.24005552890765317,-8.70611123084476,0.96,66.58,0.24647886273543065
2,395,-4.758926848568434,15,1,0.138769433003975,0.25554689168930056,-8.619291395582596,0.96,66.28,0.2468752289591235
2,396,-3.7224993993399993,9,1,0.13807558583895513,0.22001752257347107,-8.523407678294573,0.96,66.0,0.2463785922776635
2,397,6.749504000000001,4,1,0.13738520790976036,0.27916038036346436,-8.448760863074574,0.96,65.97,0.24655886884611034
2,398,-7.219055602895318,21,1,0.13669828187021155,0.22663609860908418,-8.498330123591527,0.96,66.1,0.2458077187531133
2,399,-7.074533982339998,10,1,0.13601479046086049,0.2094213541597128,-8.507252867761803,0.96,66.02,0.24562026801179912
2,400,-12.525195989187793,179,1,0.1353347165085562,0.2292395336709542,-8.549271001064696,0.96,67.64,0.24567845756302722
2,401,-12.723438524153801,37,1,0.1346580429260134,0.2129231421528636,-8.57112811810725,0.96,67.77,0.2453786758083556
2,402,-8.647887496541234,20,1,0.13398475271138335,0.24394914023578168,-8.45341466450954,0.96,65.41,0.24526859052922778
2,403,-3.022129551200001,8,1,0.13331482894782642,0.2610836084932089,-8.292663383931314,0.96,64.54,0.24537379719466368
2,404,-18.689509810573544,221,1,0.13264825480308728,0.22238104409491855,-8.412768649328008,0.96,66.59,0.24557487700199643
2,405,-5.6384650947466,11,1,0.13198501352907185,0.22926981611685318,-8.367226493990854,0.96,66.49,0.2456918994758292
2,406,-8.843483890445903,27,1,0.1313250884614265,0.23401514771911833,-8.273169344438138,0.96,65.62,0.2454302400952361
2,407,-10.129364904927735,100,1,0.13066846301911936,0.21919895365834235,-8.20668449499127,0.96,66.22,0.24493647149095008
2,408,-14.492150745697165,144,1,0.13001512070402377,0.22921523234496513,-8.206861483921802,0.96,67.48,0.2451915701763653
2,409,8.61542,3,1,0.12936504510050365,0.1434420794248581,-8.156307407521803,0.96,67.45,0.24459780862299835
2,410,-14.00027897494218,53,1,0.12871821987500112,0.2020521742766196,-8.197121339487067,0.96,67.73,0.24431685722206772
2,411,-14.18614197156706,17,1,0.12807462877562611,0.22529364837443128,-8.15801914759001,0.96,67.62,0.24397338795859852
2,412,-13.472883138724237,75,1,0.12743425563174798,0.21874486049016317,-8.343454148977255,0.96,68.32,0.24343108232417937
2,413,-9.128110164782518,13,1,0.12679708435358925,0.18519855978397223,-8.279597067317393,0.96,65.54,0.24275013765374354
2,414,-22.303096433939793,56,1,0.1261630989318213,0.2149969333383654,-8.391649966091386,0.96,65.88,0.2428028943775462
2,415,-16.139296761572407,30,1,0.1255322834371622,0.19509184826165438,-8.588643057307111,0.96,66.12,0.2420534425335245
2,416,-11.54352470246458,22,1,0.12490462201997637,0.22370965643362564,-8.624481824961826,0.96,66.15,0.24179714984117012
2,417,8.61542,3,1,0.1242800989098765,0.2511006345351537,-8.376603009372875,0.96,65.97,0.24180385669416815
2,418,6.749504000000001,4,1,0.12365869841532712,0.26327209547162056,-8.27384646772505,0.96,65.88,0.24175510527862662
2,419,-11.444445989286692,52,1,0.12304040492325048,0.23997680814220354,-8.391491051217917,0.96,66.34,0.24177410544837608
2,420,6.749504000000001,4,1,0.12242520289863423,0.298682376742363,-8.230614837055409,0.96,66.16,0.2417169210535884
2,421,-13.552942152735177,69,1,0.12181307688414106,0.21373763194550638,-8.286247368094276,0.96,66.73,0.2413358921354979
2,422,-7.925997601295797,20,1,0.12120401149972035,0.23377726096659898,-8.297512741429221,0.96,66.79,0.24083880949627837
2,423,-9.78419857452844,36,1,0.12059799144222175,0.21473075449466705,-8.29515015390212,0.96,66.6,0.24046012076665627
2,424,0.977870448800001,8,1,0.11999500148501063,0.19623728236183524,-8.274245709590721,0.96,66.58,0.2398480214311273
2,425,-5.756954371567053,17,1,0.11939502647758558,0.20353260307627566,-8.184740878457243,0.96,64.48,0.23943369437067738
2,426,-7.219055602895318,21,1,0.11879805134519765,0.2541416326449031,-8.226710138974196,0.96,64.61,0.2389773705439031
2,427,-18.157995231705268,32,1,0.11820406108847166,0.21800900832749903,-8.41149021489125,0.96,64.87,0.23866906339150645
2,428,-6.182259565312327,18,1,0.1176130407830293,0.2600543693535858,-8.291247309103886,0.96,64.72,0.23874323477515524
2,429,-12.307084649884324,199,1,0.11702497557911415,0.23681005092347088,-8.40032638038273,0.96,66.64,0.23903030281452128
2,430,-13.28115984697196,27,1,0.11643985070121858,0.25525049340945705,-8.491912984859049,0.96,66.82,0.23903893314626493
2,431,-11.658386069765497,17,1,0.11585765144771248,0.21254067911821253,-8.484627151635497,0.97,61.99,0.2385610863650129
2,432,-11.952647867801266,14,1,0.11527836319047392,0.22516677395573684,-8.4401985018358,0.98,57.13,0.2384209691529579
2,433,-11.394188026950154,35,1,0.11470197137452155,0.23252908097846167,-8.412165631096798,0.98,55.93,0.2382309988962058
2,434,-5.284269510504158,16,1,0.11412846151764894,0.21401867223903537,-8.29730340538575,0.98,54.03,0.237905906841239
2,435,-10.823188190581796,25,1,0.1135578192100607,0.2412232732772827,-8.441135410891569,0.98,54.22,0.23819870028007095
2,436,-3.5261501647825173,13,1,0.11299003011401039,0.2097329543187068,-8.30772720650461,0.98,54.08,0.23792002787690586
2,437,-12.19101052308079,167,1,0.11242507996344034,0.21105700441284808,-8.313510047484987,0.98,54.41,0.23745694795436204
2,438,-9.296514448568438,15,1,0.11186295456362313,0.26461144983768464,-8.371213690322847,0.98,54.43,0.2378272381007862
2,439,-4.758926848568434,15,1,0.11130363979080501,0.20032766759395598,-8.265106473207073,0.98,54.25,0.23756804965149378
2,440,-11.819434144083322,21,1,0.11074712159185099,0.22945536602111088,-8.418900938247905,0.98,54.4,0.23739589138822484
2,441,-4.758926848568434,15,1,0.11019338598389174,0.2375117152929306,-8.327366224546445,0.98,51.41,0.23716992927185968
2,442,-3.5261501647825173,13,1,0.10964241905397228,0.24705745852910554,-8.222132132367292,0.98,51.24,0.23715250598253312
2,443,-7.497806556540575,22,1,0.10909420695870241,0.21738248792561618,-8.383264397932699,0.98,51.43,0.23692627920840412
2,444,-13.302950694759433,23,1,0.1085487359239089,0.21677989156349844,-8.415424762028353,0.98,50.58,0.23651977275662453
2,445,-19.84667916107434,47,1,0.10800599224428936,0.23415311148509066,-8.664597723639098,0.98,51.0,0.23694765064676876
2,446,-10.93737490279606,21,1,0.10746596228306791,0.25921100981178735,-8.607815003014096,0.98,50.97,0.23760795305738053
2,447,-8.381354371567056,17,1,0.10692863247165257,0.24483203493496952,-8.59943179276436,0.98,50.92,0.23780128991182534
2,448,-9.804934176592882,19,1,0.1063939893092943,0.23689852203977735,-8.591374594741064,0.98,50.87,0.23744257175772304
2,449,-4.175060267801262,14,1,0.10586201936274783,0.2438980649624552,-8.50002911903744,0.98,49.87,0.23744873423769103
2,450,-7.19900589664393,18,1,0.10533270926593409,0.23379505591260064,-8.507969671475395,0.98,49.93,0.23779609431014154
2,451,-9.124796659326408,27,1,0.10480604571960442,0.23281894596638503,-8.42210364804248,0.98,49.62,0.2378258100790726
2,452,-14.296812811452758,49,1,0.1042820154910064,0.21526248342528634,-8.453364147875403,0.98,49.79,0.2376290121076157
2,453,-15.263033289470018,27,1,0.10376060541355137,0.21354023518937607,-8.460752682828733,0.98,49.81,0.2376202689454385
2,454,6.749504000000001,4,1,0.1032418023864836,0.2198430746793747,-8.500149642828733,0.98,49.83,0.23686103496406755
2,455,-6.884690848568437,15,1,0.10272559337455119,0.20679503654440243,-8.510375255802417,0.98,49.9,0.23642439213970587
2,456,-6.564934176592876,19,1,0.10221196540767843,0.21312092244625092,-8.456424259199178,0.98,49.83,0.23605328019882674
2,457,-7.748616763427828,23,1,0.10170090558064004,0.26367077004650363,-8.472087831180332,0.98,49.88,0.2360203980817678
2,458,-13.936057423615235,29,1,0.10119240105273684,0.26343656202842447,-8.48027467215936,0.98,49.99,0.23609436102558892
2,459,-15.445366201010076,45,1,0.10068643904747315,0.21919151486621963,-8.538973489632774,0.98,50.09,0.23555827473723426
2,460,-13.434367281699693,39,1,0.10018300685223579,0.25909397158867276,-8.447781471074281,0.98,50.15,0.2357522037903305
2,461,-10.564934176592883,19,1,0.0996820918179746,0.20807059540560371,-8.68337081284021,0.98,50.33,0.2340579607301997
2,462,-14.179591270427485,31,1,0.09918368135888474,0.17995611758482072,-8.743977581828814,0.98,50.47,0.23336853388608358
2,463,-16.35811419443825,40,1,0.09868776295209031,0.22381933061406017,-8.770871701915848,0.98,50.6,0.2331659114724828
2,464,-0.12249939933999965,9,1,0.09819432413732986,0.1915057980351978,-8.620749516504466,0.98,49.25,0.23256694589941
2,465,3.560012360000001,6,1,0.09770335251664321,0.27750299374262494,-8.512083029628796,0.98,49.14,0.23298480076275674
2,466,3.5095039999999997,4,1,0.09721483575406,0.16473863273859024,-8.351907563009746,0.98,48.98,0.23164922882549377
2,467,-7.824322968162636,20,1,0.09672876157528969,0.26571220308542254,-8.29052990237689,0.98,48.79,0.2319223992752886
2,468,-6.0034086547466,11,1,0.09624511776741324,0.24554685367779297,-8.190514516731435,0.98,46.75,0.23207136798086136
2,469,-9.191505386125074,27,1,0.09576389217857617,0.2465597784353627,-8.224860026877014,0.98,46.85,0.23240991626125745
2,470,-14.236211882102767,82,1,0.09528507271768329,0.21629195646723595,-8.223013242960574,0.98,47.31,0.23202997935576547
2,471,-8.286803016592883,19,1,0.09480864735409487,0.24072927432624916,-8.203229504177372,0.98,47.26,0.23184151024606817
2,472,-10.946075715109222,31,1,0.0943346041173244,0.23290472718015795,-8.240499705299511,0.98,47.36,0.23169877953663387
2,473,-8.235801934226922,21,1,0.09386293109673778,0.26301277180512744,-8.1735469042845,0.99,42.57,0.23212408951451302
2,474,-18.911037665921878,40,1,0.09339361644125409,0.20680796364322304,-8.292759594396252,0.99,42.86,0.2313330215670488
2,475,5.070616999999999,5,1,0.09292664835904782,0.2130882054567337,-8.174003917867767,0.99,42.79,0.2310824959968847
2,476,-16.272308591542043,209,1,0.09246201511725258,0.2334072866508265,-8.252726271984185,0.99,44.73,0.23096286201278474
2,477,-10.100050863372228,24,1,0.09199970504166631,0.288219320277373,-8.221625521930985,1.0,39.97,0.23152438052003693
2,478,-8.77873798234,10,1,0.09153970651645797,0.2627616822719574,-8.159171149469964,1.0,36.6,0.23181764967626567
2,479,-0.4399876399999991,6,1,0.09108200798387568,0.2631660873691241,-8.065630952458735,1.0,36.39,0.23209096537858923
2,480,-17.05000671228552,34,1,0.0906265979439563,0.19235252380809365,-8.125739907807409,1.0,35.12,0.23177300129609318
2,481,8.61542,3,1,0.09017346495423652,0.16918555895487467,-8.07518583140741,1.0,35.09,0.23138340134697175
2,482,-12.8430826493778,29,1,0.08972259762946533,0.2056298099201301,-8.013875015428653,1.0,34.11,0.23107823733521152
2,483,-10.119096221072105,34,1,0.089273984641318,0.23002450211959727,-8.088844682127373,1.0,34.37,0.23117924191776734
2,484,-10.946075715109222,31,1,0.0888276147181114,0.20622778683900833,-8.142924143766466,1.0,34.6,0.2303283401091777
2,485,-9.921824093690928,18,1,0.08838347664452084,0.2511822399165895,-8.105670255139296,1.0,34.43,0.2303477095633155
2,486,-11.681363094759432,23,1,0.08794155926129824,0.20414006450901862,-8.25808400968689,1.0,34.6,0.22913843448544902
2,487,-4.175060267801262,14,1,0.08750185146499175,0.21904330594199045,-8.172954245519835,1.0,34.41,0.22911489238310337
2,488,3.560012360000001,6,1,0.08706434220766679,0.2721055547396342,-8.053753783550667,1.0,34.21,0.22943828561813426
2,489,-10.110576763427831,23,1,0.08662902049662846,0.25773368127968,-8.102394255672946,1.0,34.36,0.22985640435058927
2,490,-12.500238731837955,31,1,0.08619587539414532,0.17760091803727612,-8.149910475357048,1.0,34.44,0.22924991835442898
2,491,-11.609283336799416,29,1,0.08576489601717459,0.21549560515017346,-8.161911345761679,1.0,34.47,0.22929868491026176
2,492,-9.582289219533118,36,1,0.08533607153708872,0.23791428262160885,-8.343888437957009,1.0,34.8,0.22896220326497235
2,493,-13.919334131358895,24,1,0.08490939117940327,0.19718992368628582,-8.4719560394472,1.0,34.94,0.22838539284851728
2,494,8.61542,3,1,0.08448484422350626,0.3154137035210927,-8.254776119750632,1.0,33.61,0.22913897459465168
2,495,-0.4399876399999991,6,1,0.08406242000238873,0.2357575222849846,-8.211586727664947,1.0,33.52,0.2289410809006085
2,496,-9.24665084856844,15,1,0.08364210790237678,0.214347954839468,-8.266828242157233,1.0,33.58,0.22888438522326848
2,497,-2.0034086547465986,11,1,0.0832238973628649,0.193814102221619,-8.3543573687047,1.0,33.65,0.22803092244185003
2,498,-10.16838413127392,21,1,0.08280777787605056,0.25012437866202425,-8.383850653988485,1.0,33.65,0.22826580524237947
2,499,1.8306169999999975,5,1,0.08239373898667031,0.2040022611618042,-8.294799144165085,1.0,33.6,0.22821161431240036
2,500,-18.57809826289842,27,1,0.08198177029173696,0.23249109862027345,-8.35532816690219,1.0,32.08,0.22824412996189358
2,501,-8.412878254739017,22,1,0.08157186144027828,0.24343033236536113,-8.312222564208042,1.0,31.93,0.22854920186401848
2,502,2.200822478,7,1,0.0811640021330769,0.22453893295356206,-8.20373546446263,1.0,31.8,0.22835509979119628
2,503,6.749504000000001,4,1,0.08075818212241151,0.28626272827386856,-8.10601912895063,1.0,31.76,0.2286068909890029
2,504,-1.112573982339999,10,1,0.08035439121179945,0.18793083652853965,-7.930249770668294,1.0,29.65,0.2282623889133391
2,505,6.749504000000001,4,1,0.07995261925574046,0.19763501919806004,-7.806370079720828,1.0,29.58,0.22794604094415116
2,506,-10.217336459024464,27,1,0.07955285615946175,0.23402761612777356,-7.820108605406614,1.0,29.58,0.22794616562823777
2,507,-2.0034086547465986,11,1,0.07915509187866444,0.26132881980050693,-7.7388490429048025,1.0,28.69,0.22836746428965943
2,508,-2.0034086547465986,11,1,0.07875931641927113,0.1971281184391542,-7.613961621995298,1.0,27.36,0.22804659315060127
2,509,-4.758926848568434,15,1,0.07836551983717477,0.22454415013392767,-7.747705090480981,1.0,27.48,0.22885761385769193
2,510,0.6440123600000005,6,1,0.07797369223798889,0.19311748320857683,-7.60126217713156,1.0,27.01,0.22876826694701155
2,511,-13.030016513102796,93,1,0.07758382377679894,0.19042826670232,-7.589700922546918,1.0,27.77,0.2284196131302904
2,512,2.200822478,7,1,0.07719590465791494,0.21918164832251413,-7.4329638663796755,1.0,27.09,0.22842398100861394
2,513,-15.635270233420567,38,1,0.07680992513462537,0.19973255056691797,-7.498035467066055,1.0,27.34,0.2285693209164434
2,514,-4.526819492848481,12,1,0.07642587550895225,0.25522616940240067,-7.3202726976551435,1.0,26.9,0.2289716132770838
2,515,-16.898298719427835,23,1,0.07604374613140748,0.22234881410132284,-7.327862717233697,1.0,26.83,0.22924418293548043
2,516,-10.904160828131014,29,1,0.07566352740075044,0.2054027019646661,-7.321469078490361,1.0,26.9,0.22906111339079085
2,517,-5.284269510504158,16,1,0.07528520976374668,0.18273542821407318,-7.460465973595402,1.0,27.03,0.22837746132758002
2,518,-13.146614768392487,29,1,0.07490878371492794,0.2165450646445669,-7.6594271612793285,1.0,27.28,0.22791019101930954
2,519,-9.824292004923816,33,1,0.0745342397963533,0.18948828835378995,-7.643225621435699,1.0,27.09,0.22740530582142537
2,520,-0.16113752200000064,7,1,0.07416156859737154,0.19885792370353425,-7.712332036655698,1.0,27.12,0.22640706129103713
2,521,-10.174090653249287,111,1,0.07379076075438468,0.21465967828827398,-7.678543521660839,1.0,27.54,0.22641628175446477
2,522,5.070616999999999,5,1,0.07342180695061275,0.24489296227693558,-7.548577375647882,1.0,27.39,0.22652743876756815
2,523,-0.7151775220000003,7,1,0.07305469791585968,0.24696831830910274,-7.457887165122596,1.0,27.1,0.22684981440571256
2,524,-2.80495065284848,12,1,0.07268942442628039,0.2044085624317328,-7.495715376139081,1.0,27.14,0.2269315272064115
2,525,-12.374431716353834,61,1,0.07232597730414898,0.20831386390768114,-7.561890149586947,1.0,27.58,0.22697933981472557
2,526,5.070616999999999,5,1,0.07196434741762824,0.3358262710273266,-7.438993423557995,1.0,27.42,0.2277961861985498
2,527,-8.797851391750822,24,1,0.0716045256805401,0.2220815218364199,-7.345391985158451,1.0,27.34,0.22783691133363895
2,528,-9.497913370169671,24,1,0.0712465030521374,0.22391823787863055,-7.378548523207026,1.0,27.4,0.22747555001888942
2,529,5.070616999999999,5,1,0.0708902705368767,0.12518958672881125,-7.204771506708182,1.0,25.46,0.22635934537694283
2,530,-0.12249939933999965,9,1,0.07053581918419231,0.19112837066253027,-7.073184902231862,1.0,25.28,0.22571812414947356
2,531,6.749504000000001,4,1,0.07018314008827135,0.1672727633267641,-6.889106001534209,1.0,25.15,0.2252654449915591
2,532,-5.112573982340001,10,1,0.06983222438783,0.2247822493314743,-6.820705262679595,1.0,25.11,0.22526159974531648
2,533,2.200822478,7,1,0.06948306326589085,0.22636841237545013,-6.684755157630094,1.0,24.83,0.2251999930592863
2,534,-2.0034086547465986,11,1,0.0691356479495614,0.21906535598364743,-6.651946549072519,1.0,24.78,0.22525045989673248
2,535,-13.501149362562032,41,1,0.06878996970981359,0.2038013566194511,-6.678726160792321,1.0,24.94,0.2248762407301542
2,536,-8.381354371567056,17,1,0.06844601986126451,0.1929784193634987,-6.727278202860166,1.0,24.98,0.2247086953806021
2,537,-12.078210361312332,18,1,0.06810378976195819,0.22095674027999243,-6.726150201242481,1.0,23.49,0.2248076927392735
2,538,-12.221357679231051,30,1,0.0677632708131484,0.19364180409659942,-6.755398633549107,1.0,23.64,0.22409799628186267
2,539,-13.214505423291563,24,1,0.06742445445908266,0.18762698583304882,-6.839954419296338,1.0,23.73,0.22397098946425356
2,540,-10.576774046099803,62,1,0.06708733218678724,0.2224959124240183,-6.8275278183165025,1.0,24.14,0.22390139492828268
2,541,-16.216455025591596,40,1,0.0667518955258533,0.23797377049922944,-6.942103100086733,1.0,24.39,0.22390601548034567
2,542,6.749504000000001,4,1,0.06641813604822402,0.17845048382878304,-6.839346558438909,1.0,24.3,0.22321994573334247
2,543,-12.189180552950255,30,1,0.0660860453679829,0.1751113089422385,-6.8862602984030055,1.0,24.38,0.22279723394350867
2,544,-5.756954371567053,17,1,0.06575561514114299,0.20999081893002286,-6.810800335171083,1.0,24.32,0.2227293432171739
2,545,-13.73860017790684,33,1,0.06542683706543727,0.187999984418804,-6.749719545339406,1.0,24.18,0.22226781194651102
2,546,-5.284269510504158,16,1,0.06509970288011008,0.22668319381773472,-6.693188491416488,1.0,24.13,0.22194253378657053
2,547,-2.80495065284848,12,1,0.06477420436570952,0.2504117072870334,-6.637424454229302,1.0,24.08,0.22199833051009116
2,548,0.9356123600000013,6,1,0.06445033334388098,0.20812856902678809,-6.530018988863373,1.0,23.95,0.22171063097996122
2,549,-6.9092512699641935,20,1,0.06412808167716157,0.25847020000219345,-6.557360898885003,1.0,24.01,0.2218563523303586
2,550,-6.182259565312327,18,1,0.06380744126877576,0.22605284717347887,-6.547193435571686,1.0,24.01,0.22177893024296735
2,551,-14.092722912888933,201,1,0.06348840406243188,0.22322640201049065,-6.596872698107312,1.0,25.75,0.22168300480340844
2,552,-9.410994156540578,22,1,0.06317096204211972,0.2435281898995692,-6.54801451155819,1.0,25.48,0.22196566186815123
2,553,-4.758926848568434,15,1,0.06285510723190912,0.19023967683315277,-6.442973447149174,1.0,25.36,0.221732656284589
2,554,-17.471663874393744,31,1,0.06254083169574957,0.21136409128385206,-6.685185125893112,1.0,25.63,0.2216478664506338
2,555,-16.790578762938477,39,1,0.062228127537270826,0.21250207932331625,-6.784244005036812,1.0,25.87,0.2217049368784229
2,556,-1.112573982339999,10,1,0.06191698689958447,0.1988538984209299,-6.729720403094283,1.0,25.78,0.2215622666381697
2,557,-5.724742223801265,14,1,0.061607401965086545,0.2198762260377407,-6.709481657698018,1.0,25.69,0.2211243211980821
2,558,-9.489751982840733,26,1,0.06129936495526111,0.21908233515345132,-6.6650186032902745,1.0,25.66,0.22068077892933238
2,559,8.61542,3,1,0.0609928681304848,0.23023230334122977,-6.424410741280172,1.0,25.24,0.22079118681408247
2,560,-10.733273862857478,30,1,0.060687903789832374,0.175266316284736,-6.39739980709175,1.0,25.15,0.2199529102610431
2,561,5.070616999999999,5,1,0.06038446427088321,0.19842599034309388,-6.241044295325822,1.0,25.01,0.21985646421041805
2,562,5.070616999999999,5,1,0.06008254194952879,0.2568699359893799,-6.048542212621547,1.0,24.75,0.2206256023944636
2,563,8.61542,3,1,0.05978212923978115,0.2111122583349546,-5.798806870677165,1.0,24.38,0.22049853167167252
2,564,-10.060649077211748,29,1,0.05948321859358224,0.2145109604401835,-5.898188367455884,1.0,24.58,0.22072858329572237
2,565,6.749504000000001,4,1,0.05918580250061433,0.20766136795282364,-5.866293451055883,1.0,24.56,0.22003016703782438
2,566,-7.19900589664393,18,1,0.058889873488111255,0.2098680701520708,-5.973378550022321,1.0,24.7,0.22048146141195918
2,567,-7.437501949672329,18,1,0.058595424120670696,0.22651904738611645,-5.969510339837418,1.0,24.68,0.22008952985496613
2,568,-2.6221295511999987,8,1,0.05830244700006734,0.2568787382915616,-5.935697548801952,1.0,24.65,0.22020284870110385
2,569,-14.115996383731133,28,1,0.058010934765067,0.23013105615973473,-5.984942458778014,1.0,24.66,0.22003856147834752
2,570,-6.537020267801264,14,1,0.05772088009124167,0.23369112610816956,-5.907950542634998,1.0,23.98,0.22021255317475688
2,571,-4.758926848568434,15,1,0.05743227569078546,0.21063115869959195,-5.872671780954753,1.0,23.94,0.21991157201849035
2,572,2.200822478,7,1,0.05714511431233153,0.22645183971949986,-5.741202799023662,1.0,23.7,0.2198470431438837
2,573,-3.5261501647825173,13,1,0.05685938874076987,0.19721865596679541,-5.694106281329217,1.0,23.62,0.2191891019855004
2,574,-9.820053937728577,22,1,0.056575091797066025,0.2836019281636585,-5.603196444047285,1.0,23.44,0.21995704163070479
2,575,-6.182259565312327,18,1,0.056292216338080694,0.1977065909239981,-5.715725209700408,1.0,23.57,0.21980322548537745
2,576,-13.330524375693468,25,1,0.05601075525639029,0.2592409884929657,-5.686307367541922,1.0,21.73,0.22006156250379885
2,577,-12.465132495102191,36,1,0.05573070148010834,0.191307098708219,-5.7099581838592215,1.0,21.85,0.2190924402881073
2,578,12.994,1,1,0.0554520479727078,0.27339407801628113,-5.492230804035821,1.0,21.76,0.21919876424555051
2,579,-2.0034086547465986,11,1,0.05517478773284426,0.2549292306331071,-5.507865014183288,1.0,21.81,0.21911639567819033
2,580,-6.9092512699641935,20,1,0.05489891379418004,0.18660319792106747,-5.406457459760074,1.0,21.67,0.21905890241932005
2,581,-6.564934176592876,19,1,0.05462441922520914,0.17706191520157613,-5.558261001526002,1.0,21.83,0.21913766598178708
2,582,3.560012360000001,6,1,0.0543512971290831,0.17429308593273163,-5.394230051432226,1.0,21.6,0.2188242987419131
2,583,-4.175060267801262,14,1,0.05407954064343768,0.25251547300389837,-5.334789691899516,1.0,21.4,0.21904920845075612
2,584,-9.013256795927013,22,1,0.05380914294022049,0.2742490978403525,-5.315461502707694,1.0,21.31,0.21972942156076958
2,585,-6.442150164782518,13,1,0.05354009722551939,0.19329654826567724,-5.280664763418611,1.0,21.26,0.21915056464426047
2,586,-2.2621295511999993,8,1,0.05327239673939179,0.27525770850479603,-5.186472427983016,1.0,21.11,0.21986174108421824
2,587,-6.9092512699641935,20,1,0.053006034755694834,0.21527401208877564,-5.213814338004646,1.0,21.17,0.2198240481456861
2,588,0.977870448800001,8,1,0.052741004581916356,0.21204892080277205,-5.239635757116646,1.0,21.19,0.21922348180631743
2,589,-7.383326848568436,15,1,0.052477299559006776,0.20412485798199972,-5.212363257968051,1.0,21.11,0.21868739357334063
2,590,0.977870448800001,8,1,0.052214913061211746,0.2077581761404872,-5.0775821661616725,1.0,20.88,0.21898896615437277
2,591,-9.032888115109218,31,1,0.05195383849590569,0.20488652106254332,-5.05181821394477,1.0,20.9,0.21888287531349643
2,592,-16.148115758273335,43,1,0.05169406930342616,0.22951870671538419,-5.117476479332172,1.0,20.97,0.2187989195544342
2,593,-8.412878254739017,22,1,0.05143559895690903,0.23089063607833601,-5.062411920565974,1.0,20.95,0.2191359266783547
2,594,-8.30802356531233,18,1,0.051178420962124486,0.21157615238593686,-5.2316463562190965,1.0,21.1,0.21809755116700316
2,595,-7.872419004782518,13,1,0.05092252885731386,0.16199281267248666,-5.3059706698669205,1.0,21.17,0.21735990407087816
2,596,-13.837761934226924,21,1,0.05066791621302729,0.2242409661412239,-5.351881780723506,1.0,21.23,0.21745883418389575
2,597,-10.110576763427831,23,1,0.05041457663196215,0.2509677047314851,-5.432953461810319,1.0,21.35,0.21803037020899438
2,598,-10.036739768234245,34,1,0.050162503748802344,0.21232891816864996,-5.431637018179922,1.0,21.48,0.21765241560406068
2,599,-6.04495065284848,12,1,0.05,0.17400641242663065,-5.510392694708406,1.0,21.55,0.21735245711670895
2,600,-0.12249939933999965,9,1,0.05,0.2051320415404108,-5.325836706072822,1.0,21.37,0.21707886654591033
2,601,-11.873807916918373,35,1,0.05,0.21665503233671188,-5.360446002694617,1.0,21.5,0.21681111354562377
2,602,-10.042150164782521,13,1,0.05,0.22439699075542963,-5.4828757291224415,1.0,21.56,0.21680969412364245
2,603,-13.654136264062418,27,1,0.05,0.19652129709720612,-5.686912131763065,1.0,21.79,0.2159122798118758
2,604,-8.360033836916731,26,1,0.05,0.20445483220884433,-5.759386730308832,1.0,21.95,0.2160775197686789
2,605,0.6440123600000005,6,1,0.05,0.2569921885927518,-5.820441646708832,1.0,21.97,0.21667109146262578
2,606,-5.284269510504158,16,1,0.05,0.2210031095892191,-5.771110977223631,1.0,21.86,0.21654084639724022
2,607,-6.41398765642816,16,1,0.05,0.22253585420548916,-5.815216767240445,1.0,21.91,0.21615291674129009
2,608,-11.960033836916736,26,1,0.05,0.22811805113003805,-5.9147830190621455,1.0,22.06,0.2164628160681989
2,609,-12.147867059101635,121,1,0.05,0.21427495429707952,-5.988672421167479,1.0,23.12,0.21636012410983047
2,610,-7.556066652161263,14,1,0.05,0.23593424154179438,-6.070673211289091,1.0,23.2,0.2167882916931626
2,611,-9.064855731967057,17,1,0.05,0.24312451580429778,-6.031021603477735,1.0,22.44,0.2173152541841824
2,612,-3.5261501647825173,13,1,0.05,0.2177409902215004,-6.088291329905559,1.0,22.5,0.21730084760317223
2,613,2.200822478,7,1,0.05,0.2564727174384253,-5.909930402791355,1.0,22.19,0.21786824927188733
2,614,-8.672325204746588,28,1,0.05,0.22798114190144197,-5.951385459910336,1.0,22.35,0.21759579899687773
2,615,-11.03221938182574,281,1,0.05,0.21796291420945493,-5.892724666534313,1.0,24.93,0.21755193999795902
2,616,-13.671200614955449,60,1,0.05,0.22855078435192505,-5.920395064402558,1.0,25.24,0.2177834208218316
2,617,5.070616999999999,5,1,0.05,0.16854314655065536,-5.816846199297516,1.0,25.13,0.21764149800519747
2,618,-13.643424179405233,54,1,0.05,0.24630694098218722,-5.821814293407644,1.0,25.38,0.21793911676857367
2,619,-10.163911243609775,22,1,0.05,0.17499520934440874,-5.825210485794502,1.0,25.27,0.21779418597847985
2,620,-2.0034086547465986,11,1,0.05,0.22054936398159375,-5.843633197121969,1.0,25.31,0.21801110038126045
2,621,-9.794461648213062,25,1,0.05,0.20590899497270584,-5.839836907071607,1.0,24.45,0.21792359354810478
2,622,-8.134127301093761,21,1,0.05,0.1986995211669377,-5.9718843500825445,1.0,24.61,0.2174616591370048
2,623,-7.882718371567057,17,1,0.05,0.2046195226995384,-6.0435597585782155,1.0,24.71,0.21703817118090915
2,624,-8.028573982340001,10,1,0.05,0.23202917091548442,-6.095795991873132,1.0,24.69,0.21731437726574665
2,625,-6.182259565312327,18,1,0.05,0.20367579410473505,-6.033874270362715,1.0,24.26,0.21726799656771725
2,626,-11.800537260598112,25,1,0.05,0.22813839435577393,-6.202585812968698,1.0,24.46,0.2161911178010017
2,627,3.560012360000001,6,1,0.05,0.1636818734308084,-6.079007175451189,1.0,24.28,0.2156071213169456
2,628,-11.311063194461738,32,1,0.05,0.24410405382514,-6.09713867369411,1.0,24.36,0.21580897947641067
2,629,-3.5261501647825173,13,1,0.05,0.24868310558108184,-6.183106345341935,1.0,24.44,0.21704391466493342
2,630,-13.308595837895401,36,1,0.05,0.25685749927328694,-6.314967309727489,1.0,24.71,0.21770120595104095
2,631,-1.112573982339999,10,1,0.05,0.24173966124653817,-6.393588089550888,1.0,24.77,0.2184458749302387
2,632,-12.405751982840737,26,1,0.05,0.19549606024072722,-6.466519869555896,1.0,24.93,0.21815301303933127
2,633,-4.175060267801262,14,1,0.05,0.23539352044463158,-6.530278697013907,1.0,25.0,0.21824326412002304
2,634,-12.211796902945032,28,1,0.05,0.2160221447369882,-6.632362579495894,1.0,25.17,0.21821283200755645
2,635,-6.564934176592876,19,1,0.05,0.18036062544897982,-6.5630004276362,1.0,24.95,0.21797842469585174
2,636,-8.286803016592883,19,1,0.05,0.253208794484013,-6.562054914086461,1.0,24.97,0.2185807284470569
2,637,-8.177336775693462,25,1,0.05,0.23691408857703208,-6.52304617823027,1.0,25.04,0.21874030193002728
2,638,-10.234901873160375,54,1,0.05,0.23485017305722944,-6.503181620169564,1.0,25.28,0.21915238561963352
2,639,-15.535801492039315,146,1,0.05,0.224917439616298,-6.526394580857041,1.0,26.5,0.21952529015746602
2,640,-9.015673179900038,15,1,0.05,0.20729478647311528,-6.510783572195045,1.0,26.03,0.21937327889795705
2,641,-7.306636327567057,17,1,0.05,0.2628693953156471,-6.4216853852148,1.0,25.8,0.21962223514612123
2,642,-9.146453111843813,19,1,0.05,0.2256308241110099,-6.580644956333236,1.0,25.95,0.22009403854894352
2,643,-3.7252774947465994,11,1,0.05,0.21215620840137656,-6.4960059257512,1.0,25.76,0.22046448754353487
2,644,0.977870448800001,8,1,0.05,0.27915957756340504,-6.428657677547529,1.0,25.67,0.22115617512986874
2,645,-7.908669510504161,16,1,0.05,0.2014797900337726,-6.370358370873501,1.0,25.5,0.2212909731860184
2,646,-4.93071465284848,12,1,0.05,0.18083272874355316,-6.366822822296944,1.0,25.46,0.22083246853527655
2,647,-11.788907805146593,28,1,0.05,0.2385685904217618,-6.456662393819927,1.0,25.62,0.2207140373666238
2,648,-7.497806556540575,22,1,0.05,0.2371681139550426,-6.540996582985332,1.0,25.78,0.22100443281590634
2,649,-8.164893824527237,22,1,0.05,0.22622726468200033,-6.553553008530962,1.0,25.8,0.22068200346270442
2,650,6.749504000000001,4,1,0.05,0.14342049323022366,-6.424235372877839,1.0,25.66,0.21985567992327187
2,651,-7.219055602895318,21,1,0.05,0.224604518640609,-6.355498699777903,1.0,23.86,0.2198694610895731
2,652,-1.112573982339999,10,1,0.05,0.20539056658744811,-6.272514498035898,1.0,23.74,0.21948808485645185
2,653,-10.853986732829986,35,1,0.05,0.2364176516022001,-6.333465096878514,1.0,23.94,0.21994986460414234
2,654,-9.132243202895323,21,1,0.05,0.217882738226936,-6.250070890163529,1.0,23.84,0.22001505107357316
2,655,-17.580977402687104,47,1,0.05,0.21664041954469174,-6.257974876561016,1.0,23.92,0.2200564344757869
2,656,-9.727018731693466,25,1,0.05,0.2618130177259445,-6.3441193240545495,1.0,24.07,0.22068602566883708
2,657,-9.874380763427832,23,1,0.05,0.24475771034865276,-6.385615709450815,1.0,24.16,0.22093484051194623
2,658,-0.12249939933999965,9,1,0.05,0.20376280777984196,-6.291943183615807,1.0,23.99,0.22078164523821012
2,659,-6.672114448568437,15,1,0.05,0.26073224246501925,-6.444818528101491,1.0,24.11,0.221086644629448
2,660,-16.525224267801264,14,1,0.05,0.2513795867562294,-6.502738032150931,1.0,23.95,0.22184777733416294
2,661,10.6892,2,1,0.05,0.15361036732792854,-6.446552202150931,1.0,23.92,0.22139962110401126
2,662,-7.219055602895318,21,1,0.05,0.22550212538668088,-6.569448928179884,1.0,24.08,0.22108594299798426
2,663,-5.2749594507466,11,1,0.05,0.24143342267383228,-6.708352722687349,1.0,24.16,0.22138915464137304
2,664,-9.291713311214023,29,1,0.05,0.21433003478009124,-6.7006633650273715,1.0,24.16,0.22138734538477212
2,665,-6.537020267801264,14,1,0.05,0.22330819549305098,-6.833528607705386,1.0,24.26,0.22154381366017437
2,666,6.749504000000001,4,1,0.05,0.24321426451206207,-6.694043508738946,1.0,24.12,0.22187727560377432
2,667,-12.947200601120624,32,1,0.05,0.23921716818585992,-6.749140495253429,1.0,24.26,0.22200425681177177
2,668,-14.317468044445432,72,1,0.05,0.20958857724650037,-6.866093880185883,1.0,24.9,0.22153135520132114
2,669,-14.247299168904481,38,1,0.05,0.234987302242141,-6.867406908037617,1.0,25.0,0.2215799176621452
2,670,-8.30802356531233,18,1,0.05,0.18027887824508879,-6.885116941012726,1.0,25.04,0.2210457951835144
2,671,12.994,1,1,0.05,0.19997131824493408,-6.707587672527041,1.0,24.9,0.22093919677896787
2,672,-2.0034086547465986,11,1,0.05,0.21771899407560175,-6.7496299838545095,1.0,24.94,0.22085186832252884
2,673,-13.259534554552598,27,1,0.05,0.20169679268642707,-6.84696382775221,1.0,25.08,0.22089664968972514
2,674,-1.112573982339999,10,1,0.05,0.18240524269640446,-6.759889028198325,1.0,24.96,0.21988468283505258
2,675,-4.758926848568434,15,1,0.05,0.22092421750227612,-6.745655701030885,1.0,24.93,0.22011685910083537
2,676,-14.31041264354398,37,1,0.05,0.23602531125416626,-6.75545458370939,1.0,25.05,0.21988470232844737
2,677,10.6892,2,1,0.05,0.27097849547863007,-6.523911258758367,1.0,24.71,0.2206814162961515
2,678,-6.564934176592876,19,1,0.05,0.2812218830773705,-6.719500600524295,1.0,24.89,0.22075969434676243
2,679,2.200822478,7,1,0.05,0.18278339398758753,-6.677458289196831,1.0,24.85,0.22003823598030725
2,680,-11.253287811212033,32,1,0.05,0.2513224873691797,-6.720898654609309,1.0,24.97,0.22068542887478834
2,681,2.200822478,7,1,0.05,0.2372594592826707,-6.6332410880633805,1.0,24.85,0.2212874043155993
2,682,-10.70502031759763,157,1,0.05,0.22349622089914076,-6.775891414839355,1.0,26.36,0.22177943566526337
2,683,-13.194983270904165,16,1,0.05,0.26190554816275835,-6.866090644870385,1.0,26.38,0.22187333641685197
2,684,-9.411455249650684,30,1,0.05,0.2303754801551501,-6.8700726294076215,1.0,26.46,0.22143460023999995
2,685,-9.58456594932753,39,1,0.05,0.20469642621584427,-6.9014967872530715,1.0,26.72,0.22154859901950158
2,686,-9.129828215852982,32,1,0.05,0.20523453096393496,-6.9701737738996,1.0,26.96,0.22084836724409299
2,687,-11.818483107025067,25,1,0.05,0.2374836404621601,-7.01926609227021,1.0,27.01,0.2210704635278268
2,688,-9.221293262999067,31,1,0.05,0.2546683693484914,-7.121257729388201,1.0,27.24,0.22149665801328403
2,689,1.0706169999999977,5,1,0.05,0.17759251296520234,-7.036718290902518,1.0,27.14,0.22123133456311606
2,690,-9.720795688568437,15,1,0.05,0.24260370035966236,-7.1437049522762015,1.0,27.21,0.2215797898053078
2,691,-12.844122708616077,42,1,0.05,0.23710412061994984,-7.18181729821127,1.0,27.32,0.22190196580088187
2,692,-8.489824838968564,23,1,0.05,0.21770450991132986,-7.105234389018222,1.0,27.12,0.22178382383284134
2,693,-4.758926848568434,15,1,0.05,0.2259148711959521,-7.068694874956516,1.0,27.05,0.22173406618401745
2,694,-12.288075789550602,41,1,0.05,0.24033017247551824,-7.1084953971989,1.0,27.28,0.22202160638491325
2,695,-10.44457656095288,19,1,0.05,0.2475528407253717,-7.134216972760604,1.0,27.34,0.22287720666544214
2,696,12.994,1,1,0.05,0.039833635091781616,-6.8658993534183335,1.0,27.14,0.2210331333549477
2,697,-7.975232660345654,17,1,0.05,0.2562335646327804,-6.844545912387513,1.0,27.08,0.2210857919539607
2,698,-4.354632608848481,12,1,0.05,0.23966539899508157,-6.787724840793655,1.0,26.86,0.22135915676222503
2,699,12.994,1,1,0.05,0.13540582358837128,-6.59733533426517,1.0,26.75,0.22097315087384242
2,700,-17.443275532851754,29,1,0.05,0.20621255682460193,-6.770543095600288,1.0,26.95,0.22098395602668436
2,701,-10.067038965146594,28,1,0.05,0.23200958301978453,-6.752475406082571,1.0,26.88,0.2211375015335151
2,702,-9.422259565312332,18,1,0.05,0.2656814431150754,-6.746276500087868,1.0,26.93,0.22155034605711155
2,703,-8.321371084919171,22,1,0.05,0.2263238663700494,-6.692948848296435,1.0,26.88,0.22184837174983993
2,704,-9.239268559793087,23,1,0.05,0.23370914711900379,-6.701741195525199,1.0,26.85,0.22214091489894153
2,705,-4.175060267801262,14,1,0.05,0.2312137202492782,-6.7499319218032126,1.0,26.93,0.2218831302155068
2,706,-11.78695993328356,75,1,0.05,0.21702929347753525,-6.814958826031006,1.0,27.52,0.22184339205439
2,707,6.749504000000001,4,1,0.05,0.2604604735970497,-6.683323909466725,1.0,27.4,0.22222263824830557
2,708,6.749504000000001,4,1,0.05,0.22975602000951767,-6.496228531097557,1.0,27.18,0.22223901793710038
2,709,-4.175060267801262,14,1,0.05,0.2544936899627958,-6.416500463184553,1.0,26.11,0.22264120529375753
2,710,-4.758926848568434,15,1,0.05,0.23256261597077052,-6.388529065148625,1.0,26.12,0.22260748903804728
2,711,-6.182259565312327,18,1,0.05,0.19053119959102738,-6.359703103482076,1.0,26.13,0.2220815558759146
2,712,-5.756954371567053,17,1,0.05,0.22761095096083248,-6.382011145549923,1.0,26.17,0.22218025548330794
2,713,-7.576973325712332,18,1,0.05,0.2893886938691139,-6.479789103587045,1.0,26.28,0.22250941524761483
2,714,-10.074088195838991,53,1,0.05,0.2197798599471461,-6.493806733497969,1.0,26.53,0.22242740242807182
2,715,5.070616999999999,5,1,0.05,0.18216630965471267,-6.332778369679712,1.0,23.77,0.2220694363825244
2,716,-7.674926848568437,15,1,0.05,0.21724579085906345,-6.272815632015843,1.0,23.32,0.2219563864475958
2,717,-10.102970245569086,154,1,0.05,0.22289553347539592,-6.424551504471534,1.0,24.81,0.22249991031684313
2,718,-11.787568363427832,23,1,0.05,0.24803959886017052,-6.405992946311759,1.0,24.5,0.222517236895623
2,719,-8.235801934226922,21,1,0.05,0.221936920214267,-6.386711853217931,1.0,24.49,0.2229866540043216
2,720,-8.960412378104728,26,1,0.05,0.2493269953590173,-6.456281890451512,1.0,24.64,0.22327443031809582
2,721,-10.6377964097778,29,1,0.05,0.22865238143452282,-6.464715238067161,1.0,24.68,0.22350186418271398
2,722,-13.075905889464874,24,1,0.05,0.18482545592511693,-6.514133023950872,1.0,24.71,0.22336312353029583
2,723,-11.289967768248335,26,1,0.05,0.19644886470184877,-6.548205517917682,1.0,24.8,0.2232814169503189
2,724,-13.981062301757596,82,1,0.05,0.22680277263791096,-6.6077304011118585,1.0,25.52,0.22322915296754317
2,725,-2.0034086547465986,11,1,0.05,0.17782228202982384,-6.565941892006201,1.0,25.45,0.22297061784679406
2,726,2.200822478,7,1,0.05,0.20172741476978576,-6.425928294620221,1.0,25.27,0.22270650805093417
2,727,-2.80495065284848,12,1,0.05,0.21815677608052889,-6.489577924748707,1.0,25.33,0.22325125707743138
2,728,-8.714551361702831,26,1,0.05,0.18955959329524866,-6.463612806421118,1.0,25.27,0.22270581247213247
2,729,-9.711964364824102,25,1,0.05,0.23389350697398187,-6.525470948421532,1.0,25.39,0.22255791648606152
2,730,-8.765363094759431,23,1,0.05,0.22910730702721555,-6.480038620990173,1.0,25.26,0.22228041456360081
2,731,-17.53230988805122,64,1,0.05,0.23061728535685688,-6.644235980047287,1.0,25.8,0.222169190804704
2,732,-8.524418118138412,27,1,0.05,0.22511233334188108,-6.6054226414002635,1.0,25.81,0.22246535353571548
2,733,-7.824322968162636,20,1,0.05,0.23466099258512257,-6.641915268403876,1.0,25.87,0.22245802825712044
2,734,-11.398584321720943,58,1,0.05,0.19867607501560244,-6.6337831425916365,1.0,26.17,0.22228456755990653
2,735,-11.417593342503793,29,1,0.05,0.2726072859147499,-6.682309734250745,1.0,26.27,0.22320703416456425
2,736,-6.833951466504162,16,1,0.05,0.2381293980870396,-6.667781218749855,1.0,26.24,0.2230562402005945
2,737,6.749504000000001,4,1,0.05,0.22797214426100254,-6.518512810992921,1.0,26.03,0.22296682075743418
2,738,-9.581015602895322,21,1,0.05,0.2006368385184379,-6.511973948290272,1.0,25.7,0.22262468741204627
2,739,-9.623570556540578,22,1,0.05,0.19578089463439854,-6.452851638935284,1.0,24.46,0.22233332196222733
2,740,-10.595699446477909,32,1,0.05,0.2273884133901447,-6.468651901601063,1.0,24.63,0.22253425823139758
2,741,-11.748616763427835,23,1,0.05,0.22985437771548395,-6.513071705959671,1.0,24.69,0.22220410805539598
2,742,-1.112573982339999,10,1,0.05,0.2084680214524269,-6.4327329146646335,1.0,24.6,0.22203248002881013
2,743,-1.112573982339999,10,1,0.05,0.22176175713539123,-6.406605879540568,1.0,24.59,0.22212853551615028
2,744,-3.7369739823399986,10,1,0.05,0.199132714048028,-6.4537543238519675,1.0,24.61,0.2213282668809965
2,745,-7.974286863372225,24,1,0.05,0.18214040040038526,-6.454410497380647,1.0,24.69,0.2211348729846626
2,746,-6.182259565312327,18,1,0.05,0.2078938546280066,-6.466925946505285,1.0,24.75,0.22140548424350714
2,747,-13.572578705842659,40,1,0.05,0.2417615218088031,-6.484762655512245,1.0,24.87,0.2214374135573776
2,748,-7.497806556540575,22,1,0.05,0.23448258164254102,-6.484762655512245,1.0,24.87,0.22141055823425262
2,749,-3.7369739823399986,10,1,0.05,0.19993695393204688,-6.440483457090375,1.0,24.75,0.22114765512675305
2,750,-10.964561136731618,193,1,0.05,0.2080389472988912,-6.617624108457692,1.0,26.64,0.2217938396674397
2,751,-8.177336775693462,25,1,0.05,0.22601302593946457,-6.627206920185672,1.0,26.68,0.22180792474042824
2,752,-9.843455602895324,21,1,0.05,0.23778806733233587,-6.714515736391226,1.0,26.79,0.22213189974787714
2,753,-11.600033836916737,26,1,0.05,0.2724338767047112,-6.721976207432092,1.0,26.7,0.22249206199890226
2,754,-10.320001189567611,27,1,0.05,0.20060236200138373,-6.733853787298815,1.0,26.76,0.22231925823664672
2,755,-8.672325204746588,28,1,0.05,0.21253935473838023,-6.644767265319411,1.0,26.57,0.2222782475885836
2,756,-3.5261501647825173,13,1,0.05,0.20305750519037247,-6.5827585796503,1.0,26.45,0.2216906924632279
2,757,-10.456520964015542,59,1,0.05,0.24156513658620543,-6.588579981656178,1.0,26.81,0.22165876672560345
2,758,5.070616999999999,5,1,0.05,0.1573106363415718,-6.536648817662777,1.0,26.77,0.22119424501122067
2,759,-16.40369677569347,25,1,0.05,0.19185136377811432,-6.633964640934028,1.0,26.87,0.22050543622435168
2,760,-1.112573982339999,10,1,0.05,0.20099465250968934,-6.4798381380794146,1.0,26.83,0.22000158688188623
2,761,-4.919408654746599,11,1,0.05,0.21066375821828842,-6.635924224626881,1.0,26.92,0.22057212079078983
2,762,-4.175060267801262,14,1,0.05,0.2019206610109125,-6.60548427127594,1.0,26.85,0.22033630614703217
2,763,-11.739933232928436,15,1,0.05,0.243056337783734,-6.67013400909776,1.0,26.89,0.22035253529813123
2,764,-11.764418118138417,27,1,0.05,0.17387378105410822,-6.694861057167004,1.0,26.87,0.2199479727608714
2,765,-6.804950652848482,12,1,0.05,0.1958327473451694,-6.697540361017476,1.0,26.85,0.21967321827939254
2,766,-8.806659565312332,18,1,0.05,0.20913718971941206,-6.853101996670598,1.0,26.99,0.2193324475314661
2,767,-3.5261501647825173,13,1,0.05,0.20370627997013238,-6.758891492307217,1.0,26.8,0.21897733864930882
2,768,-5.756954371567053,17,1,0.05,0.21191498023622177,-6.673286355578433,1.0,26.25,0.219000602679206
2,769,5.070616999999999,5,1,0.05,0.20531319603323936,-6.480107193889389,1.0,25.92,0.218703861617117
2,770,-12.463867640853069,18,1,0.05,0.23104768825901878,-6.521665634644798,1.0,25.92,0.2192115497172563
2,771,-12.298258200212985,32,1,0.05,0.21667803265154362,-6.774588216646927,1.0,26.23,0.21937861686132237
2,772,-5.284269510504158,16,1,0.05,0.2433878588490188,-6.807396825204502,1.0,26.28,0.21963530550905652
2,773,-6.248263399340002,9,1,0.05,0.2560215048078034,-6.737284113652375,1.0,26.1,0.2201785526302703
2,774,0.977870448800001,8,1,0.05,0.19697000738233328,-6.716379669340975,1.0,26.08,0.22032420027712962
2,775,-10.719847165312332,18,1,0.05,0.20812249183654785,-6.775988872508414,1.0,26.11,0.22019618302047234
2,776,-1.112573982339999,10,1,0.05,0.18431220948696136,-6.644010485896374,1.0,25.84,0.2196790520028003
2,777,2.749504,4,1,0.05,0.21203527227044106,-6.723407445896374,1.0,25.86,0.2190896197707184
2,778,-0.12249939933999965,9,1,0.05,0.21329962793323728,-6.658983098123846,1.0,25.76,0.21841039721927707
2,779,-6.182259565312327,18,1,0.05,0.23335242830216885,-6.742813918556968,1.0,25.87,0.21891608756242287
2,780,-10.568376293733007,35,1,0.05,0.20830478412764414,-6.735964803382178,1.0,25.9,0.21848591053000754
2,781,-16.272888115109225,31,1,0.05,0.21333665989579692,-6.92070190931327,1.0,26.14,0.2182466825361388
2,782,-9.143330523827833,23,1,0.05,0.20639924219121103,-6.905085011375572,1.0,24.8,0.21807571274905946
2,783,-12.672325204746596,28,1,0.05,0.20674093360347406,-6.899858430713997,1.0,24.92,0.21752406660346665
2,784,-12.17165016792065,103,1,0.05,0.21636172678791782,-6.927460379896697,1.0,25.65,0.21738392906979428
2,785,-7.882718371567057,17,1,0.05,0.19278948140494964,-6.910441904119092,1.0,25.43,0.21726485962168535
2,786,-8.524269510504162,16,1,0.05,0.2108154003508389,-6.904386317065605,1.0,25.27,0.21732066831555438
2,787,-5.112573982340001,10,1,0.05,0.21806727200746537,-6.837327225818755,1.0,25.12,0.21712650463100747
2,788,-12.35892684856844,15,1,0.05,0.19821546797951062,-6.868703561674448,1.0,24.96,0.2165619756173177
2,789,-9.362824587814456,30,1,0.05,0.23478300720453263,-6.973037977552591,1.0,25.21,0.21713388055971097
2,790,-11.219055602895326,21,1,0.05,0.21947304221491018,-6.9880205766958605,1.0,25.27,0.21690257397826346
2,791,-13.189738912245716,98,1,0.05,0.21566310787231338,-6.991476738732157,1.0,25.83,0.2166881638507871
2,792,-8.524418118138412,27,1,0.05,0.23521261427689483,-6.991822671523855,1.0,25.87,0.2168632448944427
2,793,10.6892,2,1,0.05,0.19002996757626534,-6.83734140303817,1.0,25.74,0.21650439585824582
2,794,-8.288957450497024,23,1,0.05,0.26794918658940686,-6.797350219647635,1.0,25.56,0.2167805859993847
2,795,-6.9092512699641935,20,1,0.05,0.234475838765502,-6.761996966737748,1.0,25.57,0.216649815979786
2,796,-9.000901304072059,25,1,0.05,0.1988309532403946,-6.9819459797784695,1.0,25.81,0.21823978916127218
2,797,-4.175060267801262,14,1,0.05,0.22414732671209744,-6.943944255853025,1.0,25.78,0.21791892678206534
2,798,0.977870448800001,8,1,0.05,0.2080597961321473,-6.890619225276541,1.0,25.74,0.21760287075343598
2,799,-11.742474319119433,23,1,0.05,0.19787359901744386,-7.137983968467735,1.0,25.96,0.2182275485077267
2,800,-5.112573982340001,10,1,0.05,0.15361592024564744,-7.014676952962617,1.0,25.77,0.21770158214193716
